gesto,t0,t1,t2,t3,t4,t5,t6,t7,t8,t9,t10,t11,t12,t13,t14,t15,t16,t17,t18,t19,t20,t21,t22,t23,t24,t25,t26,t27,t28,t29,t30,t31,t32,t33,t34,t35,t36,t37,t38,t39,t40,t41,t42,t43,t44,t45,t46,t47,t48,t49,t50,t51,t52,t53,t54,t55,t56,t57,t58,t59,t60,t61,t62,t63,t64,t65,t66,t67,t68,t69,t70,t71,t72,t73,t74,t75,t76,t77,t78,t79,t80,t81,t82,t83,t84,t85,t86,t87,t88,t89,t90,t91,t92,t93,t94,t95,t96,t97,t98,t99,t100,t101,t102,t103,t104,t105,t106,t107,t108,t109,t110,t111,t112,t113,t114,t115,t116,t117,t118,t119,t120,t121,t122,t123,t124,t125,t126,t127,t128,t129,t130,t131,t132,t133,t134,t135,t136,t137,t138,t139,t140,t141,t142,t143,t144,t145,t146,t147,t148,t149,t150,t151,t152,t153,t154,t155,t156,t157,t158,t159,t160,t161,t162,t163,t164,t165,t166,t167,t168,t169,t170,t171,t172,t173,t174,t175,t176,t177,t178,t179,t180,t181,t182,t183,t184,t185,t186,t187,t188,t189,t190,t191,t192,t193,t194,t195,t196,t197,t198,t199,t200,t201,t202,t203,t204,t205,t206,t207,t208,t209,t210,t211,t212,t213,t214,t215,t216,t217,t218,t219,t220,t221,t222,t223,t224,t225,t226,t227,t228,t229,t230,t231,t232,t233,t234,t235,t236,t237,t238,t239,t240,t241,t242,t243,t244,t245,t246,t247,t248,t249,t250,t251,t252,t253,t254,t255,t256,t257,t258,t259,t260,t261,t262,t263,t264,t265,t266,t267,t268,t269,t270,t271,t272,t273,t274,t275,t276,t277,t278,t279,t280,t281,t282,t283,t284,t285,t286,t287,t288,t289,t290,t291,t292,t293,t294,t295,t296,t297,t298,t299,t300,t301,t302,t303,t304,t305,t306,t307,t308,t309,t310,t311,t312,t313,t314,t315,t316,t317,t318,t319,t320,t321,t322,t323,t324,t325,t326,t327,t328,t329,t330,t331,t332,t333,t334,t335,t336,t337,t338,t339,t340,t341,t342,t343,t344,t345,t346,t347,t348,t349,t350,t351,t352,t353,t354,t355,t356,t357,t358,t359,t360,t361,t362,t363,t364,t365,t366,t367,t368,t369,t370,t371,t372,t373,t374,t375,t376,t377,t378,t379,t380,t381,t382,t383,t384,t385,t386,t387,t388,t389,t390,t391,t392,t393,t394,t395,t396,t397,t398,t399,t400,t401,t402,t403,t404,t405,t406,t407,t408,t409,t410,t411,t412,t413,t414,t415,t416,t417,t418,t419,t420,t421,t422,t423,t424,t425,t426,t427,t428,t429,t430,t431,t432,t433,t434,t435,t436,t437,t438,t439,t440,t441,t442,t443,t444,t445,t446,t447,t448,t449,t450,t451,t452,t453,t454,t455,t456,t457,t458,t459,t460,t461,t462,t463,t464,t465,t466,t467,t468,t469,t470,t471,t472,t473,t474,t475,t476,t477,t478,t479,t480,t481,t482,t483,t484,t485,t486,t487,t488,t489,t490,t491,t492,t493,t494,t495,t496,t497,t498,t499,t500,t501,t502,t503,t504,t505,t506,t507,t508,t509,t510,t511,t512,t513,t514,t515,t516,t517,t518,t519,t520,t521,t522,t523,t524,t525,t526,t527,t528,t529,t530,t531,t532,t533,t534,t535,t536,t537,t538,t539,t540,t541,t542,t543,t544,t545,t546,t547,t548,t549,t550,t551,t552,t553,t554,t555,t556,t557,t558,t559,t560,t561,t562,t563,t564,t565,t566,t567,t568,t569,t570,t571,t572,t573,t574,t575,t576,t577,t578,t579,t580,t581,t582,t583,t584,t585,t586,t587,t588,t589,t590,t591,t592,t593,t594,t595,t596,t597,t598,t599,t600,t601,t602,t603,t604,t605,t606,t607,t608,t609,t610,t611,t612,t613,t614,t615,t616,t617,t618,t619,t620,t621,t622,t623,t624,t625,t626,t627,t628,t629,t630,t631,t632,t633,t634,t635,t636,t637,t638,t639,t640,t641,t642,t643,t644,t645,t646,t647,t648,t649,t650,t651,t652,t653,t654,t655,t656,t657,t658,t659,t660,t661,t662,t663,t664,t665,t666,t667,t668,t669,t670,t671,t672,t673,t674,t675,t676,t677,t678,t679,t680,t681,t682,t683,t684,t685,t686,t687,t688,t689,t690,t691,t692,t693,t694,t695,t696,t697,t698,t699,t700,t701,t702,t703,t704,t705,t706,t707,t708,t709,t710,t711,t712,t713,t714,t715,t716,t717,t718,t719,t720,t721,t722,t723,t724,t725,t726,t727,t728,t729,t730,t731,t732,t733,t734,t735,t736,t737,t738,t739,t740,t741,t742,t743,t744,t745,t746,t747,t748,t749,t750,t751,t752,t753,t754,t755,t756,t757,t758,t759,t760,t761,t762,t763,t764,t765,t766,t767,t768,t769,t770,t771,t772,t773,t774,t775,t776,t777,t778,t779,t780,t781,t782,t783,t784,t785,t786,t787,t788,t789,t790,t791,t792,t793,t794,t795,t796,t797,t798,t799,t800,t801,t802,t803,t804,t805,t806,t807,t808,t809,t810,t811,t812,t813,t814,t815,t816,t817,t818,t819,t820,t821,t822,t823,t824,t825,t826,t827,t828,t829,t830,t831,t832,t833,t834,t835,t836,t837,t838,t839,t840,t841,t842,t843,t844,t845,t846,t847,t848,t849,t850,t851,t852,t853,t854,t855,t856,t857,t858,t859,t860,t861,t862,t863,t864,t865,t866,t867,t868,t869,t870,t871,t872,t873,t874,t875,t876,t877,t878,t879,t880,t881,t882,t883,t884,t885,t886,t887,t888,t889,t890,t891,t892,t893,t894,t895,t896,t897,t898,t899,t900,t901,t902,t903,t904,t905,t906,t907,t908,t909,t910,t911,t912,t913,t914,t915,t916,t917,t918,t919,t920,t921,t922,t923,t924,t925,t926,t927,t928,t929,t930,t931,t932,t933,t934,t935,t936,t937,t938,t939,t940,t941,t942,t943,t944,t945,t946,t947,t948,t949,t950,t951,t952,t953,t954,t955,t956,t957,t958,t959,t960,t961,t962,t963,t964,t965,t966,t967,t968,t969,t970,t971,t972,t973,t974,t975,t976,t977,t978,t979,t980,t981,t982,t983,t984,t985,t986,t987,t988,t989,t990,t991,t992,t993,t994,t995,t996,t997,t998,t999
mano_abierta,8,7,5,4,5,5,6,6,8,9,10,11,12,12,11,9,7,7,8,7,9,9,9,8,8,6,4,2,-3,-3,-3,-2,-2,-2,-2,0,1,2,2,2,1,0,-1,-2,-2,-3,-3,-3,-2,-1,-1,0,-2,-1,-3,-5,-4,-4,-5,-6,-4,-5,-5,-5,-6,-7,-8,-8,-9,-9,-9,-9,-9,-10,-10,-8,-9,-9,-11,-12,-12,-12,-13,-16,-16,-17,-14,-15,-15,-15,-13,-11,-11,-11,-11,-11,-10,-10,-12,-13,-13,-7,-7,-6,-6,-5,-4,-3,-2,-9,-8,-10,-12,-12,-15,-16,-18,-19,-20,-20,-20,-19,-18,-17,-16,-15,-14,-14,-14,-13,-13,-14,-15,-14,-12,-10,-10,-8,-7,-6,-4,-2,-3,-3,-4,-5,-7,-5,-4,-7,-5,-4,0,4,11,14,16,18,14,9,4,-1,-6,-9,-10,-9,-5,-5,-8,-11,-14,-16,-18,-20,-19,-14,-6,2,7,10,9,5,-1,-8,-15,-21,-22,-17,-14,-10,-5,1,6,8,6,-2,-5,-10,-16,-19,-21,-23,-23,-24,-21,-16,-12,-14,-15,-18,-20,-20,-22,-23,-22,-21,-23,-24,-25,-25,-27,-29,-34,-38,-39,-42,-46,-53,-59,-62,-64,-66,-72,-75,-75,-75,-72,-70,-70,-68,-62,-57,-55,-57,-64,-71,-75,-79,-84,-89,-96,-99,-99,-99,-99,-101,-101,-102,-102,-101,-102,-104,-104,-104,-108,-114,-120,-125,-128,-127,-129,-131,-129,-125,-116,-107,-100,-99,-103,-106,-109,-109,-108,-113,-118,-118,-122,-125,-126,-128,-132,-131,-130,-129,-123,-121,-121,-122,-123,-121,-120,-118,-116,-120,-127,-133,-130,-129,-127,-130,-135,-136,-133,-132,-139,-146,-152,-151,-145,-140,-139,-141,-145,-147,-148,-150,-156,-159,-160,-154,-145,-143,-142,-140,-141,-144,-148,-156,-163,-167,-172,-180,-175,-167,-155,-155,-156,-157,-155,-149,-142,-138,-142,-147,-156,-164,-171,-176,-183,-187,-182,-165,-143,-130,-124,-126,-128,-133,-140,-144,-150,-152,-150,-145,-140,-135,-134,-139,-146,-155,-159,-163,-169,-168,-163,-158,-147,-131,-119,-110,-105,-110,-119,-125,-133,-140,-143,-143,-140,-134,-123,-113,-105,-101,-104,-107,-107,-109,-110,-105,-102,-101,-101,-104,-110,-111,-109,-108,-108,-103,-94,-86,-75,-70,-75,-78,-78,-79,-79,-76,-78,-78,-70,-65,-66,-73,-84,-94,-100,-100,-101,-102,-98,-88,-77,-69,-65,-68,-72,-77,-85,-93,-94,-86,-75,-78,-76,-72,-65,-54,-50,-52,-52,-35,-25,-20,-24,-33,-41,-47,-56,-65,-71,-71,-62,-49,-39,-36,-35,-34,-33,-35,-44,-50,-52,-52,-51,-52,-48,-42,-35,-33,-35,-35,-35,-34,-37,-44,-52,-56,-58,-53,-49,-43,-41,-36,-30,-26,-24,-24,-24,-24,-18,-13,-9,-7,-7,-4,-4,-4,-8,-13,-18,-17,-13,-10,-5,-4,-4,-4,-3,-5,-4,-4,-4,-6,-9,-10,-9,-8,-7,-9,-8,-1,11,22,26,23,15,9,3,-2,-7,-8,-4,2,8,9,6,1,-4,-10,-9,-6,1,7,16,24,28,30,28,26,24,26,25,23,23,25,25,23,21,12,4,-1,-1,3,9,14,20,31,44,52,55,49,39,31,27,25,19,11,4,7,10,15,19,23,30,40,45,47,47,46,43,42,41,40,41,36,32,27,22,13,10,10,15,22,29,35,38,43,43,42,40,41,42,43,46,48,45,41,39,38,39,40,39,38,40,41,40,40,35,32,31,32,35,40,45,46,49,50,47,42,40,37,36,32,30,33,36,38,38,35,30,30,32,32,31,29,26,34,43,48,48,48,46,49,52,46,40,38,39,40,50,52,55,55,51,46,42,40,37,38,42,45,52,60,64,64,58,51,43,39,36,29,26,25,30,32,33,33,34,39,46,50,53,54,57,57,58,58,56,51,50,52,51,48,44,41,40,41,42,44,47,49,50,51,49,45,39,30,20,19,20,25,32,40,52,62,71,71,67,62,55,48,40,34,30,29,31,32,37,40,42,46,53,58,60,60,59,57,57,55,53,53,53,53,51,51,50,47,42,37,33,32,34,34,37,41,46,50,55,58,58,59,61,61,60,58,54,51,49,44,40,38,37,38,40,43,46,52,54,53,52,49,45,39,30,24,19,23,25,24,25,24,27,28,30,28,29,34,39,45,45,49,49,46,43,40,40,39,37,29,21,15,11,6,10,9,15,23,33,40,42,47,43,43,44,44,43,45,46,45,41,34,29,24,21,15,15,15,16,17,19,22,25,31,31,33,34,36,35,32,29,27,27,25,28,29,30,30,0,0,0,0,0,0,0,0,0,0,0,0,0,0,0,0,0,0,0,0,0,0,0,0,0,0,0,0,0,0,0,0,0,0,0,0,0,0,0,0,0,0,0,0,0,0,0,0,0,0,0,0,0,0,0,0,0,0,0,0,0,0,0,0,0,0,0,0,0,0,0,0,0,0,0,0,0,0,0,0,0,0,0,0,0,0,0,0,0,0,0,0,0,0,0,0,0,0,0,0
mano_abierta,-12,-13,-14,-16,-16,-16,-17,-17,-17,-18,-17,-18,-19,-18,-18,-19,-20,-20,-21,-25,-24,-24,-25,-23,-22,-21,-21,-17,-17,-16,-15,-15,-15,-15,-14,-16,-17,-21,-23,-25,-25,-25,-25,-23,-22,-21,-17,-18,-20,-20,-21,-21,-19,-18,-20,-17,-15,-16,-17,-17,-20,-20,-21,-22,-23,-25,-26,-29,-28,-29,-27,-28,-27,-24,-23,-20,-22,-25,-27,-27,-27,-26,-25,-25,-23,-24,-27,-30,-32,-31,-25,-20,-16,-15,-17,-22,-29,-36,-41,-43,-41,-35,-25,-13,-1,7,11,10,3,0,-2,-2,-5,-9,-14,-19,-24,-30,-36,-42,-47,-53,-59,-61,-58,-56,-57,-61,-64,-69,-70,-68,-71,-74,-76,-77,-81,-81,-85,-90,-92,-93,-94,-94,-82,-82,-81,-89,-94,-99,-106,-120,-146,-160,-170,-174,-177,-179,-180,-180,-182,-190,-200,-209,-218,-232,-246,-253,-253,-246,-244,-243,-249,-253,-261,-269,-272,-277,-280,-280,-272,-268,-263,-259,-264,-270,-272,-275,-282,-291,-293,-293,-296,-298,-299,-302,-309,-308,-310,-306,-300,-295,-294,-291,-284,-279,-275,-274,-272,-278,-282,-285,-284,-279,-275,-271,-265,-252,-245,-242,-243,-246,-251,-256,-261,-266,-269,-271,-272,-267,-259,-251,-251,-254,-255,-255,-253,-255,-257,-259,-258,-253,-246,-240,-236,-232,-228,-224,-220,-217,-216,-212,-208,-205,-206,-207,-207,-205,-202,-200,-199,-200,-197,-188,-176,-166,-160,-157,-154,-148,-142,-144,-151,-157,-159,-158,-157,-157,-159,-157,-153,-149,-145,-140,-135,-130,-126,-124,-120,-114,-112,-111,-114,-119,-121,-120,-118,-117,-110,-105,-102,-100,-100,-103,-106,-108,-108,-106,-104,-100,-94,-88,-82,-76,-73,-74,-72,-65,-64,-63,-64,-64,-61,-55,-48,-48,-45,-42,-38,-35,-38,-45,-53,-59,-61,-57,-53,-52,-51,-46,-41,-34,-31,-35,-39,-41,-43,-44,-44,-44,-43,-41,-41,-39,-35,-32,-30,-27,-24,-22,-22,-23,-27,-28,-28,-28,-27,-25,-23,-21,-14,-7,-7,-12,-17,-18,-13,-8,-11,-14,-14,-12,-10,-11,-10,-3,0,2,5,8,14,20,21,12,10,12,14,18,18,15,14,14,21,26,28,29,30,27,26,29,25,20,21,22,27,35,40,40,39,42,42,45,45,44,41,39,38,35,35,33,31,32,33,33,34,37,39,43,48,53,59,66,71,74,72,68,63,56,51,50,49,45,45,45,46,50,54,55,57,58,57,52,49,52,52,51,54,61,66,73,78,76,73,74,72,70,70,73,76,78,80,77,74,72,71,69,61,59,57,59,63,67,66,65,70,74,79,84,85,85,84,81,79,73,70,66,64,64,69,76,81,87,88,90,91,90,86,84,83,80,85,86,86,85,83,80,79,79,77,75,74,73,71,69,68,63,61,62,65,70,75,79,79,84,86,86,84,82,83,85,88,88,85,80,77,77,75,71,70,71,74,79,83,80,78,80,89,90,91,89,87,90,93,94,89,91,91,90,89,89,89,89,90,87,85,85,85,83,80,79,77,80,81,82,85,88,90,90,87,81,78,75,72,71,71,72,75,82,87,89,94,97,96,98,99,100,103,106,108,106,106,101,95,90,85,78,78,77,76,78,80,82,87,94,92,88,87,85,81,75,67,58,55,58,58,62,69,74,78,79,80,81,84,85,82,83,82,81,81,79,76,72,69,65,66,67,69,71,71,73,74,75,74,75,75,75,70,62,57,52,47,44,40,41,47,52,58,61,62,64,68,65,66,69,70,72,72,70,68,65,61,54,50,48,48,49,51,54,54,52,48,45,43,39,40,35,40,44,51,56,59,63,59,60,56,57,56,54,51,51,50,51,53,53,54,57,61,60,57,54,48,43,38,35,32,32,35,38,42,46,54,56,57,56,54,52,51,50,48,43,40,38,36,31,29,26,25,24,26,29,32,39,41,42,42,44,46,46,46,45,42,39,36,33,30,25,21,14,14,14,15,16,17,20,25,33,37,40,38,37,34,30,26,23,20,18,21,20,24,27,30,32,32,29,25,24,21,20,19,18,18,20,19,17,17,15,15,14,13,14,15,20,17,15,12,9,8,8,11,11,13,15,16,18,18,17,15,13,16,20,23,22,20,19,14,8,-1,-9,-15,-10,-12,-13,-12,-9,-4,-1,2,-1,3,10,13,14,13,10,5,1,-3,-7,-12,-12,-8,-3,2,9,13,15,21,23,21,17,16,10,12,0,0,0,0,0,0,0,0,0,0,0,0,0,0,0,0,0,0,0,0,0,0,0,0,0,0,0,0,0,0,0,0,0,0,0,0,0,0,0,0,0,0,0,0,0,0,0,0,0,0,0,0,0,0,0,0,0,0,0,0,0,0,0,0,0,0,0,0,0,0,0,0,0,0,0,0,0,0,0,0,0,0,0,0,0,0,0,0,0,0,0,0,0,0,0,0,0,0,0,0,0,0,0,0,0,0,0
mano_abierta,-47,-44,-44,-43,-41,-40,-39,-37,-36,-40,-41,-42,-44,-43,-42,-41,-39,-34,-30,-25,-23,-25,-27,-28,-28,-30,-32,-34,-35,-32,-31,-31,-33,-35,-36,-38,-39,-43,-45,-46,-46,-42,-39,-36,-36,-38,-39,-37,-34,-34,-34,-33,-31,-28,-27,-29,-29,-31,-32,-33,-31,-26,-21,-17,-19,-20,-23,-26,-28,-32,-33,-33,-29,-25,-23,-22,-21,-24,-30,-36,-42,-46,-44,-43,-45,-44,-44,-42,-38,-33,-31,-29,-27,-26,-27,-28,-32,-34,-43,-50,-56,-59,-61,-61,-62,-66,-63,-60,-61,-65,-69,-76,-83,-90,-95,-96,-93,-90,-90,-93,-98,-102,-106,-114,-123,-129,-133,-137,-131,-127,-124,-124,-126,-132,-138,-140,-152,-163,-174,-182,-191,-194,-194,-195,-197,-204,-210,-212,-213,-211,-220,-225,-228,-226,-226,-229,-231,-237,-234,-233,-231,-228,-231,-237,-249,-257,-264,-270,-277,-284,-288,-290,-286,-280,-277,-282,-290,-296,-297,-293,-292,-297,-294,-281,-268,-262,-267,-275,-281,-282,-293,-309,-322,-330,-329,-323,-315,-308,-299,-292,-290,-288,-286,-286,-289,-296,-298,-296,-290,-292,-292,-291,-288,-284,-279,-275,-273,-267,-267,-274,-284,-291,-296,-300,-301,-301,-297,-286,-277,-268,-265,-266,-272,-274,-275,-276,-274,-272,-269,-266,-260,-256,-251,-247,-244,-243,-247,-252,-244,-238,-235,-232,-226,-221,-216,-210,-214,-216,-215,-214,-214,-214,-209,-201,-196,-198,-202,-212,-205,-199,-194,-192,-186,-174,-165,-150,-152,-155,-154,-156,-157,-156,-156,-160,-166,-171,-173,-172,-170,-173,-177,-176,-172,-166,-161,-155,-149,-140,-129,-120,-111,-105,-101,-101,-104,-107,-111,-121,-119,-117,-118,-112,-110,-108,-103,-94,-99,-102,-99,-99,-94,-90,-85,-79,-73,-72,-76,-77,-79,-82,-82,-81,-79,-77,-77,-74,-70,-66,-66,-65,-64,-60,-53,-52,-58,-59,-60,-60,-59,-56,-50,-43,-32,-25,-23,-21,-22,-26,-33,-39,-44,-41,-37,-33,-32,-28,-26,-25,-24,-29,-34,-33,-29,-26,-20,-16,-13,-8,-1,0,5,6,6,6,8,12,17,23,19,11,6,1,2,1,-4,-7,1,14,28,43,43,42,40,38,33,24,18,19,19,23,26,30,34,41,43,36,34,32,32,34,36,37,37,39,42,44,45,45,42,43,48,52,57,61,61,58,59,58,54,52,48,42,34,31,25,20,18,20,26,36,44,51,57,65,69,67,61,56,57,58,58,55,52,50,50,51,51,53,58,62,65,67,67,64,59,53,51,50,51,53,54,55,56,58,59,61,63,62,66,72,76,77,74,69,66,65,64,66,71,78,85,90,88,85,80,72,64,61,59,61,68,76,82,89,95,95,95,90,84,79,73,66,61,60,60,61,63,68,77,85,84,76,67,65,65,66,64,66,74,86,94,94,87,78,69,60,52,44,44,48,57,64,69,71,71,72,70,64,62,59,58,56,55,54,55,57,57,57,58,63,67,67,63,58,54,53,53,52,51,53,58,63,66,67,66,64,61,61,60,62,60,58,55,52,53,53,51,48,48,48,53,56,57,54,55,55,57,57,56,53,52,55,57,57,56,54,53,54,55,57,61,65,68,70,67,61,52,40,25,12,7,5,11,21,32,44,54,64,67,68,67,64,61,56,51,48,46,47,48,47,50,54,59,60,61,60,59,62,63,61,59,57,54,52,50,49,47,51,58,64,68,69,69,67,66,64,57,54,56,61,66,72,77,81,84,86,84,83,85,84,77,68,60,55,55,55,54,54,58,70,80,85,90,95,95,94,89,80,78,77,74,70,69,73,78,85,87,89,91,87,83,74,71,69,67,64,66,73,85,96,100,101,98,94,89,84,80,78,78,79,81,84,88,89,88,87,88,91,95,99,99,98,97,96,96,94,92,92,95,100,103,103,102,102,101,98,95,92,92,100,108,116,121,123,123,120,116,108,99,91,89,90,94,99,103,104,105,103,99,93,91,92,92,94,96,100,105,112,118,119,118,115,114,113,111,109,106,106,106,106,105,106,108,112,114,113,115,120,126,129,131,128,126,124,120,118,115,116,118,122,126,127,128,128,128,127,127,126,126,129,132,132,132,133,132,130,131,132,132,131,128,124,121,119,117,114,113,115,119,123,125,126,126,126,128,130,131,132,134,136,136,135,133,130,129,129,130,132,135,136,137,135,133,0,0,0,0,0,0,0,0,0,0,0,0,0,0,0,0,0,0,0,0,0,0,0,0,0,0,0,0,0,0,0,0,0,0,0,0,0,0,0,0,0,0,0,0,0,0,0,0,0,0,0,0,0,0,0,0,0,0,0,0,0,0,0,0,0,0,0,0,0,0,0,0,0,0,0,0,0,0,0,0,0,0,0,0,0,0,0,0,0,0,0,0,0,0,0,0,0,0,0,0,0,0,0,0,0,0,0,0,0,0,0,0,0,0,0,0,0
mano_abierta,14,14,9,8,7,6,5,3,2,1,3,1,0,-2,-4,-1,-3,-5,-6,-8,-7,-7,-8,-13,-13,-14,-14,-14,-16,-18,-18,-18,-19,-19,-20,-21,-23,-22,-23,-23,-22,-20,-20,-21,-22,-25,-29,-33,-37,-41,-40,-38,-34,-30,-23,-19,-14,-14,-19,-26,-31,-38,-46,-51,-57,-59,-53,-51,-51,-50,-50,-51,-52,-53,-55,-52,-46,-39,-33,-34,-37,-41,-49,-52,-63,-73,-79,-75,-67,-59,-52,-61,-68,-78,-90,-94,-98,-103,-104,-101,-97,-97,-98,-110,-121,-132,-142,-150,-154,-152,-153,-151,-154,-160,-161,-160,-158,-159,-158,-161,-157,-154,-161,-175,-194,-209,-217,-218,-221,-225,-227,-225,-220,-218,-220,-226,-233,-239,-240,-246,-249,-249,-248,-247,-250,-253,-257,-252,-253,-255,-260,-265,-265,-264,-268,-271,-273,-271,-269,-275,-276,-277,-272,-272,-271,-275,-285,-286,-294,-302,-307,-307,-306,-303,-292,-284,-279,-274,-279,-280,-286,-293,-301,-303,-298,-294,-287,-289,-289,-288,-290,-294,-304,-312,-318,-324,-324,-321,-316,-318,-322,-325,-328,-326,-328,-325,-321,-313,-304,-295,-286,-278,-268,-266,-267,-267,-272,-281,-293,-307,-312,-312,-309,-302,-288,-272,-255,-241,-239,-246,-254,-260,-268,-272,-272,-267,-258,-245,-238,-244,-244,-243,-243,-243,-244,-244,-238,-220,-206,-197,-199,-205,-211,-220,-229,-237,-243,-244,-237,-227,-218,-205,-191,-183,-178,-177,-178,-181,-183,-189,-193,-193,-196,-201,-201,-199,-193,-187,-188,-192,-193,-190,-188,-188,-185,-181,-172,-164,-159,-157,-156,-152,-149,-145,-144,-140,-136,-127,-120,-113,-111,-115,-122,-130,-135,-139,-142,-142,-139,-133,-122,-111,-103,-102,-104,-107,-110,-109,-105,-100,-97,-95,-90,-90,-92,-96,-97,-99,-97,-92,-89,-83,-77,-70,-68,-67,-70,-74,-76,-78,-79,-81,-82,-78,-70,-63,-60,-56,-51,-48,-46,-49,-52,-55,-58,-58,-54,-49,-47,-46,-44,-43,-41,-39,-44,-48,-45,-40,-35,-29,-20,-13,-9,-7,-9,-13,-14,-15,-17,-14,-12,-9,-5,-1,1,-1,-3,-10,-10,-8,-8,-8,-6,-4,0,5,8,10,12,12,9,6,5,2,0,-1,-1,-2,1,5,8,12,14,17,22,29,31,30,27,23,19,14,9,7,9,13,16,22,28,29,25,23,20,18,17,18,19,24,34,41,49,54,58,58,54,50,44,37,29,23,18,14,13,14,18,22,28,34,41,48,55,59,59,55,52,50,45,41,38,35,33,35,37,36,35,34,33,34,35,32,29,29,31,35,40,44,48,54,58,60,60,58,54,46,40,33,28,27,26,31,36,38,38,39,38,36,35,31,29,32,36,42,46,49,51,52,51,45,39,31,28,24,22,22,23,28,29,36,38,41,38,31,23,15,13,9,12,15,22,31,41,50,56,57,56,53,51,48,45,44,44,46,47,47,40,32,26,20,17,15,14,17,26,37,46,53,58,63,65,65,65,63,61,57,49,39,32,28,25,28,25,28,35,41,49,52,55,52,55,51,51,53,52,47,40,34,30,28,25,22,21,24,30,37,42,46,49,49,49,49,49,51,52,49,50,50,51,49,44,36,31,28,23,18,16,15,20,25,31,36,42,46,50,54,54,55,53,54,56,57,56,53,50,45,37,24,13,3,-1,-1,2,8,20,34,45,56,61,63,63,60,56,53,51,48,47,47,47,47,46,44,42,40,40,41,42,41,39,39,39,40,40,40,42,44,48,52,55,57,58,59,59,59,60,58,58,57,53,51,53,51,47,43,37,30,27,25,17,13,13,15,20,27,33,32,30,30,25,24,21,19,18,22,27,33,37,40,43,42,41,39,36,34,33,34,35,38,39,38,39,39,39,40,42,43,40,39,36,31,27,23,19,15,15,18,23,31,36,38,38,40,42,42,40,39,40,42,47,48,45,42,36,28,20,12,7,5,9,16,25,34,41,43,44,41,36,32,28,25,24,26,28,30,33,36,41,44,45,45,43,42,40,37,33,32,33,34,38,37,33,33,33,35,38,38,38,40,43,43,43,40,37,34,34,36,39,40,40,36,34,32,29,28,26,26,27,34,38,41,41,37,32,29,27,26,25,24,28,31,33,34,34,34,34,34,33,35,37,38,37,35,32,28,26,23,23,25,29,29,26,25,27,30,32,34,33,31,32,33,32,30,34,39,40,43,44,43,42,42,37,30,0,0,0,0,0,0,0,0,0,0,0,0,0,0,0,0,0,0,0,0,0,0,0,0,0,0,0,0,0,0,0,0,0,0,0,0,0,0,0,0,0,0,0,0,0,0,0,0,0,0,0,0,0,0,0,0,0,0,0,0,0,0,0,0,0,0,0,0,0,0,0,0,0,0,0,0,0,0,0,0,0,0,0,0,0,0,0,0,0,0,0,0,0,0,0,0,0,0,0,0,0,0,0,0,0,0,0,0,0,0
mano_abierta,37,36,36,28,26,24,19,17,15,15,14,13,13,13,17,18,17,16,14,12,10,8,3,1,0,0,-1,-1,-1,-4,-5,-7,-13,-12,-10,-9,-6,-5,-4,-5,-4,-8,-11,-11,-11,-9,-3,2,8,13,17,17,17,17,15,12,8,5,0,-7,-15,-21,-25,-23,-19,-18,-15,-11,-7,-5,-7,-11,-17,-18,-19,-17,-15,-17,-20,-22,-25,-30,-38,-46,-52,-53,-53,-52,-48,-41,-32,-24,-22,-25,-27,-29,-29,-34,-40,-43,-40,-35,-31,-31,-35,-36,-38,-45,-50,-55,-62,-66,-68,-70,-70,-68,-67,-69,-69,-73,-74,-76,-82,-85,-91,-97,-101,-98,-99,-103,-105,-111,-114,-115,-114,-115,-116,-113,-111,-115,-122,-129,-135,-142,-147,-152,-156,-154,-149,-146,-148,-154,-164,-176,-186,-194,-200,-204,-204,-201,-197,-196,-196,-198,-202,-204,-203,-203,-203,-199,-195,-201,-206,-212,-218,-220,-219,-221,-225,-222,-222,-224,-231,-238,-246,-249,-247,-242,-233,-225,-226,-234,-240,-245,-248,-250,-251,-251,-241,-231,-225,-222,-223,-227,-231,-239,-242,-241,-240,-236,-247,-252,-256,-254,-255,-254,-250,-249,-233,-224,-221,-227,-234,-242,-250,-257,-261,-262,-259,-248,-236,-224,-218,-212,-209,-208,-203,-206,-209,-211,-209,-211,-210,-208,-209,-205,-203,-206,-212,-217,-214,-211,-209,-207,-206,-199,-185,-172,-172,-177,-180,-179,-175,-173,-175,-178,-176,-169,-166,-162,-157,-151,-148,-144,-138,-132,-121,-114,-111,-113,-115,-120,-127,-136,-143,-145,-140,-129,-121,-119,-112,-101,-93,-90,-94,-102,-108,-103,-100,-105,-113,-117,-119,-116,-112,-109,-105,-102,-103,-100,-95,-90,-85,-83,-85,-84,-77,-78,-81,-84,-91,-92,-92,-92,-92,-88,-84,-88,-95,-105,-112,-115,-115,-108,-106,-100,-89,-77,-66,-57,-53,-60,-64,-65,-63,-63,-65,-66,-65,-65,-64,-65,-63,-58,-52,-50,-49,-50,-51,-48,-47,-43,-38,-46,-51,-50,-49,-47,-46,-48,-54,-46,-37,-35,-30,-28,-27,-27,-27,-23,-19,-11,-6,-6,-4,-3,-2,-1,-3,-6,-10,-8,-8,-7,-7,-6,-5,-3,1,5,6,8,10,8,7,4,3,-1,0,3,8,15,23,30,33,36,36,33,28,26,24,23,23,24,26,31,34,36,39,41,44,49,49,44,38,31,23,19,16,14,18,28,42,56,64,63,61,58,54,48,40,34,32,32,32,31,30,28,29,29,30,32,37,43,46,41,36,31,29,29,29,30,34,45,54,60,65,66,62,54,46,41,37,37,39,42,48,58,64,67,72,74,75,75,71,65,62,59,54,51,49,48,48,48,46,45,45,44,38,36,39,45,53,58,61,60,66,68,65,61,57,53,49,46,45,47,51,54,54,52,54,56,55,52,52,54,56,60,62,64,71,78,79,80,81,81,79,77,71,62,55,51,47,46,47,50,52,54,46,40,39,46,47,48,50,51,63,71,75,69,67,65,66,68,68,66,60,56,55,55,50,45,41,41,43,44,42,41,41,44,47,53,57,62,66,68,70,68,66,61,59,55,52,51,50,51,55,59,59,61,64,67,69,72,70,69,64,57,50,45,42,39,39,41,48,54,57,59,60,61,59,55,54,57,65,71,75,76,75,72,67,61,53,47,44,42,44,47,50,50,52,52,52,53,54,57,59,61,61,61,59,59,59,61,65,70,73,75,75,71,63,56,47,42,42,44,44,47,49,48,47,46,44,39,40,41,46,52,59,60,59,61,59,58,57,55,51,46,46,48,52,56,58,57,55,58,55,52,48,45,43,41,39,37,36,32,26,23,25,29,36,44,51,59,67,69,66,62,57,53,48,45,43,43,46,51,54,55,54,52,50,46,42,39,35,34,36,37,37,41,43,42,41,40,39,38,39,38,40,45,50,54,55,53,47,41,34,23,19,16,19,27,37,47,53,58,55,50,43,39,35,34,36,39,43,47,48,48,47,44,44,43,38,32,27,25,22,23,22,22,27,35,42,45,44,40,35,32,31,33,37,41,43,46,46,43,36,25,17,13,12,15,21,32,42,45,40,32,25,20,15,13,15,21,30,38,45,50,50,44,36,29,26,26,27,29,33,39,41,41,39,35,30,23,16,12,13,15,15,13,18,15,11,9,7,7,10,16,15,21,29,33,34,33,33,35,33,30,24,20,18,19,19,16,19,23,25,25,22,18,12,6,0,-1,0,0,0,0,0,0,0,0,0,0,0,0,0,0,0,0,0,0,0,0,0,0,0,0,0,0,0,0,0,0,0,0,0,0,0,0,0,0,0,0,0,0,0,0,0,0,0,0,0,0,0,0,0,0,0,0,0,0,0,0,0,0,0,0,0,0,0,0,0,0,0,0,0,0,0,0,0,0,0,0,0,0,0,0,0,0,0,0,0,0,0,0,0,0,0,0,0,0,0,0,0,0,0,0,0,0
mano_abierta,1,-3,-3,-4,-4,-3,-2,0,6,10,10,11,12,11,8,5,0,-4,-7,-11,-14,-16,-16,-14,-11,-10,-10,-11,-14,-14,-15,-19,-21,-22,-23,-22,-21,-22,-20,-20,-25,-29,-31,-32,-30,-28,-32,-33,-34,-34,-35,-37,-40,-43,-42,-41,-35,-35,-36,-35,-32,-31,-30,-33,-43,-49,-50,-52,-54,-56,-59,-59,-57,-51,-48,-49,-52,-56,-56,-57,-57,-57,-53,-47,-39,-37,-42,-48,-54,-60,-65,-66,-71,-71,-60,-49,-40,-40,-47,-63,-65,-65,-71,-68,-67,-65,-65,-67,-70,-74,-74,-86,-94,-96,-92,-84,-82,-82,-83,-83,-82,-85,-89,-92,-92,-91,-92,-100,-109,-118,-121,-122,-123,-128,-133,-135,-133,-127,-122,-121,-122,-121,-117,-112,-105,-101,-102,-104,-106,-108,-110,-109,-111,-111,-111,-111,-113,-115,-118,-121,-126,-132,-136,-137,-136,-133,-130,-125,-122,-117,-113,-115,-118,-116,-113,-111,-108,-107,-111,-107,-101,-103,-109,-114,-117,-119,-115,-114,-116,-118,-120,-124,-128,-127,-123,-122,-120,-118,-114,-109,-104,-105,-109,-113,-112,-110,-109,-108,-106,-103,-100,-98,-102,-102,-100,-98,-98,-97,-96,-92,-85,-82,-77,-77,-78,-81,-81,-81,-82,-83,-86,-88,-91,-98,-102,-105,-110,-113,-113,-108,-102,-89,-84,-82,-82,-84,-88,-88,-86,-88,-84,-77,-70,-62,-58,-60,-65,-70,-76,-85,-89,-90,-88,-81,-73,-65,-58,-51,-48,-47,-47,-46,-47,-47,-48,-51,-53,-56,-56,-59,-60,-60,-55,-53,-51,-48,-49,-50,-51,-51,-54,-51,-46,-40,-32,-27,-22,-18,-15,-16,-17,-21,-20,-19,-20,-20,-16,-13,-10,-8,-8,-8,-5,-2,-4,-3,-1,-1,-6,-9,-13,-16,-21,-26,-30,-31,-27,-22,-18,-15,-10,-2,2,6,11,13,16,17,16,10,10,12,12,13,15,15,15,19,19,19,21,21,22,22,23,24,23,23,22,21,21,25,31,36,37,38,31,26,22,18,15,15,20,22,31,37,41,42,40,35,29,24,20,16,16,17,21,28,36,45,53,60,65,67,64,58,50,46,44,43,41,44,48,52,57,58,56,55,62,59,58,58,55,52,48,46,38,39,39,39,41,46,54,59,62,68,71,70,66,61,54,47,43,38,38,43,51,57,63,66,67,69,69,68,66,63,62,64,66,67,67,66,65,65,64,61,59,59,61,64,67,70,72,73,72,69,61,55,52,52,53,55,59,61,65,67,67,66,63,59,56,55,57,59,60,61,63,65,64,63,63,63,63,63,64,65,67,68,67,66,66,66,67,66,68,69,68,65,61,57,53,52,50,52,56,63,66,64,66,65,58,50,43,35,35,41,44,50,54,62,68,72,72,70,63,59,59,57,55,54,56,57,58,59,59,55,52,53,54,54,55,55,55,56,58,55,53,50,49,48,48,48,53,58,60,60,60,56,54,54,51,47,45,48,48,54,57,56,52,47,45,43,42,42,43,48,52,57,57,58,59,58,58,58,58,60,62,59,57,56,55,54,54,55,57,63,64,64,58,59,53,46,41,37,36,36,42,41,48,55,61,65,66,65,64,62,58,54,54,62,67,68,69,69,65,62,55,44,38,38,39,38,38,40,39,36,33,36,39,43,47,45,48,50,51,43,36,33,32,35,36,39,43,49,52,51,49,45,44,41,36,32,32,34,37,41,44,48,51,51,51,48,46,44,42,41,41,44,45,46,47,45,43,40,35,33,33,39,38,39,39,41,42,41,37,29,31,34,41,47,52,56,62,68,72,71,66,61,55,49,42,36,30,30,34,38,40,41,43,43,40,38,34,32,34,39,46,50,56,56,57,55,50,44,37,35,35,36,34,31,29,27,26,26,25,25,27,31,35,42,47,50,51,51,48,43,35,27,18,15,14,15,20,25,33,37,39,36,30,25,20,18,16,16,17,19,27,29,31,30,27,26,25,23,16,12,9,9,12,15,13,17,14,15,10,10,9,8,12,12,18,20,25,25,24,23,22,20,19,15,14,11,10,9,9,8,7,6,6,7,10,13,15,17,17,17,17,16,14,9,5,2,2,4,6,8,9,10,12,16,11,9,6,3,0,0,-1,-2,4,7,8,12,15,13,10,8,5,2,0,-2,-2,1,4,3,4,7,9,9,10,11,10,8,6,2,-3,-8,-12,-16,-14,-11,-8,-3,2,7,12,12,10,9,8,6,4,6,4,5,5,8,8,0,0,0,0,0,0,0,0,0,0,0,0,0,0,0,0,0,0,0,0,0,0,0,0,0,0,0,0,0,0,0,0,0,0,0,0,0,0,0,0,0,0,0,0,0,0,0,0,0,0,0,0,0,0,0,0,0,0,0,0,0,0,0,0,0,0,0,0,0,0,0,0,0,0,0,0,0,0,0,0,0,0,0,0,0,0,0,0,0,0,0,0,0
mano_abierta,3,4,4,3,3,1,1,2,3,4,5,6,6,6,6,5,3,2,-1,-2,-5,-7,-8,-10,-10,-9,-8,-7,-6,-6,-7,-7,-8,-9,-7,-5,-2,-1,1,2,2,2,0,0,-1,-1,-1,0,1,1,1,-1,-4,-6,-8,-11,-14,-15,-16,-14,-11,-7,-4,-1,3,4,3,1,-3,-6,-10,-12,-15,-17,-21,-23,-26,-31,-35,-40,-42,-42,-42,-42,-47,-50,-53,-55,-58,-59,-54,-52,-44,-37,-29,-24,-23,-27,-38,-44,-49,-51,-53,-49,-45,-38,-34,-32,-31,-32,-35,-41,-45,-48,-47,-44,-44,-45,-45,-45,-49,-55,-63,-74,-80,-81,-79,-72,-63,-56,-50,-45,-42,-44,-48,-51,-54,-60,-65,-62,-59,-61,-71,-80,-88,-91,-97,-105,-115,-122,-124,-129,-132,-129,-120,-117,-113,-113,-118,-126,-137,-154,-170,-185,-195,-202,-202,-196,-192,-192,-196,-203,-209,-213,-218,-228,-235,-233,-225,-223,-227,-227,-225,-222,-223,-231,-241,-246,-248,-253,-263,-274,-281,-284,-284,-281,-279,-280,-279,-283,-299,-318,-332,-338,-337,-342,-349,-352,-340,-323,-308,-298,-293,-288,-286,-288,-293,-298,-303,-309,-310,-304,-295,-285,-275,-269,-268,-268,-274,-279,-280,-277,-272,-269,-270,-270,-268,-266,-266,-265,-265,-258,-246,-233,-236,-234,-228,-223,-220,-221,-225,-225,-212,-205,-204,-206,-212,-223,-230,-235,-237,-231,-226,-221,-205,-190,-176,-167,-165,-167,-165,-159,-159,-153,-148,-143,-134,-127,-128,-128,-128,-126,-126,-131,-129,-127,-123,-117,-114,-113,-111,-98,-94,-93,-93,-94,-93,-90,-86,-87,-85,-77,-65,-53,-40,-31,-30,-33,-35,-36,-35,-35,-34,-26,-19,-20,-28,-32,-40,-45,-48,-52,-47,-34,-14,-2,8,10,2,-10,-21,-24,-25,-26,-26,-22,-12,1,14,19,19,22,25,29,37,42,45,54,64,67,65,57,44,35,27,21,16,16,21,32,49,60,64,57,49,42,38,34,28,24,24,29,33,38,42,44,43,44,44,45,47,46,47,50,58,61,61,58,57,58,60,60,54,54,55,60,64,68,72,75,78,71,63,57,51,45,42,41,43,52,62,72,79,82,79,75,75,77,76,71,66,63,59,56,51,50,54,58,62,63,65,65,68,68,68,71,70,68,68,71,69,64,59,52,52,56,58,59,61,68,73,80,89,96,101,97,88,76,68,59,54,55,57,64,76,85,90,92,91,84,76,70,65,64,64,65,67,69,73,79,84,87,86,82,80,81,82,83,83,80,80,81,83,83,84,85,84,84,85,87,89,93,94,90,85,80,76,74,73,74,74,80,85,90,90,88,82,76,71,64,60,59,63,67,72,75,78,83,87,93,95,97,97,100,98,95,94,92,91,92,95,96,95,95,95,92,91,91,91,90,94,96,97,97,97,99,99,98,100,102,105,107,108,105,101,95,88,82,80,80,83,90,97,103,106,107,102,99,92,82,78,78,84,90,98,101,111,120,127,129,126,123,121,121,118,112,105,99,94,92,92,96,94,94,95,98,103,106,104,99,100,100,98,98,100,100,101,101,100,102,104,104,103,104,113,118,123,122,119,111,106,104,96,94,91,93,97,105,116,119,120,119,117,117,117,117,112,111,110,111,109,104,99,94,86,80,76,72,76,82,89,95,99,102,106,109,110,113,113,112,112,115,117,117,113,104,97,94,95,93,91,90,88,90,94,97,98,98,96,93,93,92,91,90,89,91,96,105,111,112,109,104,99,91,83,71,67,66,70,75,81,89,95,100,98,96,93,92,90,86,84,84,84,81,78,73,69,66,63,62,62,65,69,71,74,75,77,76,84,85,84,85,86,87,86,85,77,76,73,69,62,58,56,55,54,54,56,58,62,64,69,74,74,72,70,68,65,62,54,49,45,43,43,47,51,57,61,57,56,53,50,46,43,42,43,49,53,56,58,56,55,52,50,46,44,43,46,48,49,49,48,50,50,52,50,48,45,43,41,39,35,31,29,30,32,32,35,37,41,45,44,44,44,47,47,47,45,44,44,43,43,41,41,40,42,41,40,39,37,35,31,26,24,23,25,23,27,29,31,32,29,23,18,17,13,10,7,4,2,8,13,14,14,16,18,22,28,26,22,23,23,21,19,16,16,17,21,24,25,25,27,29,28,25,16,2,-6,-7,-4,1,4,9,17,28,36,36,0,0,0,0,0,0,0,0,0,0,0,0,0,0,0,0,0,0,0,0,0,0,0,0,0,0,0,0,0,0,0,0,0,0,0,0,0,0,0,0,0,0,0,0,0,0,0,0,0,0,0,0,0,0,0,0,0,0,0,0,0,0,0,0,0,0,0,0,0,0,0,0,0,0,0,0,0,0,0,0,0,0,0,0,0,0,0,0,0,0,0,0,0,0,0,0,0,0,0,0,0,0,0,0
mano_abierta,25,23,27,27,28,27,27,27,27,27,22,17,13,9,3,0,-2,-3,-3,0,3,6,8,9,9,8,8,7,6,5,6,7,7,5,3,1,-4,-6,-7,-5,-5,-6,-7,-9,-7,-10,-16,-23,-27,-28,-27,-24,-23,-20,-17,-19,-21,-23,-25,-28,-31,-31,-30,-26,-22,-19,-18,-21,-24,-27,-28,-30,-31,-35,-40,-43,-43,-40,-38,-40,-39,-37,-34,-31,-32,-37,-41,-41,-44,-47,-50,-54,-58,-61,-65,-69,-72,-72,-71,-69,-64,-61,-63,-68,-73,-79,-80,-78,-78,-79,-76,-75,-77,-79,-83,-88,-90,-90,-90,-88,-83,-82,-81,-81,-83,-85,-85,-90,-93,-91,-93,-97,-100,-101,-100,-93,-90,-94,-92,-89,-84,-80,-78,-78,-81,-85,-91,-98,-106,-115,-123,-127,-127,-123,-117,-111,-107,-105,-103,-100,-102,-100,-112,-127,-131,-131,-127,-131,-139,-153,-151,-145,-142,-141,-144,-141,-130,-117,-107,-104,-111,-120,-128,-135,-143,-147,-157,-168,-174,-179,-181,-176,-166,-158,-147,-142,-145,-152,-158,-169,-177,-183,-184,-177,-163,-157,-157,-155,-160,-167,-172,-173,-172,-164,-162,-163,-166,-172,-177,-181,-180,-179,-169,-170,-172,-165,-162,-163,-170,-177,-184,-180,-173,-175,-177,-181,-178,-176,-166,-167,-166,-166,-164,-164,-167,-173,-183,-180,-178,-176,-174,-171,-168,-162,-158,-155,-154,-154,-154,-155,-159,-161,-157,-158,-160,-163,-163,-160,-155,-151,-154,-153,-151,-147,-145,-146,-148,-152,-154,-155,-156,-155,-150,-147,-143,-138,-135,-131,-126,-120,-122,-122,-122,-119,-118,-116,-117,-116,-106,-100,-100,-103,-104,-107,-108,-109,-116,-115,-107,-96,-86,-77,-73,-72,-71,-79,-90,-100,-109,-114,-116,-115,-110,-99,-85,-75,-65,-56,-49,-47,-48,-54,-65,-75,-87,-97,-105,-106,-105,-100,-89,-76,-64,-55,-47,-43,-40,-40,-41,-41,-41,-38,-37,-36,-38,-38,-40,-43,-41,-46,-49,-50,-50,-48,-42,-36,-33,-27,-25,-26,-28,-30,-34,-36,-38,-38,-35,-31,-25,-19,-11,-7,-5,-9,-13,-18,-21,-25,-28,-30,-29,-27,-20,-12,-6,-4,-4,-5,-8,-9,-10,-11,-9,-4,1,4,4,2,-1,-6,-11,-15,-20,-20,-16,-11,-4,4,13,20,26,26,28,21,16,10,4,0,-3,-2,-4,4,10,13,14,16,20,22,23,25,28,31,30,25,24,26,27,24,19,16,18,22,26,26,26,27,29,31,30,27,23,20,23,25,29,34,38,41,42,43,40,36,33,30,30,33,36,35,36,37,34,32,29,25,22,24,26,28,29,30,33,36,39,42,45,45,43,42,39,42,42,42,38,34,33,36,39,36,38,42,48,54,62,61,61,60,56,48,42,39,36,36,36,36,38,42,44,46,49,49,49,50,49,47,47,46,47,49,45,42,42,45,46,47,48,50,57,60,59,58,54,49,46,44,46,49,50,48,47,46,44,41,36,31,30,33,38,42,46,49,52,53,56,57,58,57,56,54,52,52,51,52,50,50,49,47,44,45,44,43,42,41,41,40,41,40,39,42,45,46,46,42,36,30,24,18,14,16,19,31,41,50,53,52,53,51,48,40,33,27,26,29,28,28,30,34,39,43,45,44,42,39,35,32,29,28,29,31,30,30,30,28,30,30,29,28,33,42,44,46,43,39,39,39,39,35,33,31,30,31,28,25,22,21,19,21,23,25,26,26,25,25,27,29,32,33,35,34,34,32,29,26,23,21,23,27,32,33,35,37,38,39,36,33,32,33,33,32,31,29,31,30,29,29,27,25,24,22,20,21,20,19,21,23,25,26,21,19,17,17,15,14,13,13,17,19,24,22,21,21,21,23,26,28,26,26,23,20,22,24,24,25,25,27,34,40,37,33,28,23,19,14,9,6,9,15,21,26,28,28,27,25,20,15,9,8,9,14,17,19,19,18,19,19,20,21,25,30,36,41,41,37,30,21,11,4,-2,-5,-4,-3,4,15,25,26,19,13,7,5,1,-6,-11,-8,-2,3,7,13,18,21,23,24,26,28,31,32,32,31,30,27,24,21,14,8,6,6,9,10,14,21,30,35,36,35,27,22,16,10,4,2,2,6,13,19,25,28,35,32,28,21,17,15,13,12,6,9,16,25,29,30,29,26,24,19,12,4,0,0,-2,0,3,2,5,6,5,3,5,3,2,4,2,1,0,-1,1,4,6,10,13,16,19,20,20,18,17,15,14,14,0,0,0,0,0,0,0,0,0,0,0,0,0,0,0,0,0,0,0,0,0,0,0,0,0,0,0,0,0,0,0,0,0,0,0,0,0,0,0,0,0,0,0,0,0,0,0,0,0,0,0,0,0,0,0,0,0,0,0,0,0,0,0,0,0,0,0,0,0,0,0,0,0,0,0,0,0,0,0,0,0,0,0,0,0,0,0,0,0,0,0,0,0,0,0,0,0,0,0,0,0,0,0,0
mano_abierta,14,14,15,12,13,13,12,12,11,9,7,7,5,3,1,-4,-2,1,4,8,12,14,18,23,24,24,25,25,25,25,27,27,26,25,25,24,25,26,26,26,25,26,25,26,28,31,34,35,31,26,20,14,8,2,1,5,15,25,29,32,32,29,22,15,10,7,11,13,18,24,24,21,22,18,18,20,22,23,27,29,28,32,30,29,31,35,44,55,66,72,70,60,47,31,13,-4,-22,-33,-30,-15,13,33,48,55,59,56,46,32,8,-7,-14,-15,-16,-14,-10,-5,-12,-20,-28,-35,-38,-40,-44,-51,-49,-48,-46,-46,-49,-55,-60,-64,-68,-69,-74,-83,-93,-103,-111,-115,-117,-118,-115,-109,-104,-101,-97,-98,-102,-110,-120,-129,-138,-139,-143,-144,-147,-147,-151,-158,-160,-161,-158,-154,-152,-157,-160,-164,-172,-170,-170,-172,-172,-170,-169,-163,-156,-161,-167,-170,-169,-163,-161,-161,-166,-171,-170,-167,-168,-176,-179,-179,-174,-172,-174,-178,-176,-165,-155,-147,-146,-147,-150,-152,-157,-163,-169,-170,-170,-160,-144,-127,-113,-111,-121,-136,-144,-151,-158,-162,-164,-158,-147,-128,-112,-101,-97,-101,-111,-117,-115,-110,-108,-107,-111,-114,-114,-117,-118,-120,-118,-113,-102,-91,-79,-69,-68,-74,-82,-81,-89,-99,-108,-114,-112,-103,-91,-91,-82,-70,-62,-59,-67,-76,-84,-88,-87,-81,-72,-60,-40,-24,-15,-17,-24,-37,-47,-47,-46,-41,-35,-30,-26,-22,-20,-24,-31,-41,-44,-38,-26,-16,-15,-18,-22,-24,-27,-29,-35,-39,-32,-18,-6,-1,-4,-11,-20,-25,-31,-40,-46,-44,-36,-26,-16,-17,-20,-22,-22,-19,-13,-7,-1,9,15,19,19,19,13,6,1,1,7,12,18,17,16,14,8,-3,-11,-9,-10,-7,-3,3,11,26,36,35,37,34,29,24,21,20,22,25,22,24,27,32,38,41,38,34,35,32,29,23,17,14,15,18,23,29,36,46,51,52,42,32,26,24,24,23,23,27,41,52,59,62,61,56,52,47,42,42,48,57,63,70,76,79,81,80,73,63,60,57,50,48,47,45,46,49,52,58,68,74,77,78,80,80,75,68,64,60,59,65,64,67,71,74,76,81,84,81,86,88,88,88,86,84,87,90,92,91,91,89,90,88,85,83,85,92,98,105,103,102,103,101,98,96,93,94,104,114,120,124,126,127,127,126,122,116,113,111,109,108,108,107,109,113,121,127,131,133,135,141,145,148,144,142,140,140,138,134,129,125,124,126,133,138,142,144,143,141,137,134,129,128,129,132,137,144,149,154,155,159,167,171,172,173,172,169,168,160,152,149,148,148,149,151,157,167,175,176,180,185,191,197,200,202,201,206,209,208,203,198,194,194,196,198,200,204,211,216,218,216,210,205,200,197,195,196,198,205,216,227,236,246,253,254,252,240,226,212,201,193,190,192,200,214,231,247,258,269,278,285,285,279,270,262,256,252,246,243,242,245,252,255,261,263,268,268,269,269,264,264,262,264,267,271,276,283,291,298,307,311,311,308,302,298,296,295,294,294,294,293,292,288,282,277,273,275,279,285,291,300,308,314,319,316,311,308,310,312,314,320,325,329,338,345,349,353,356,353,351,349,345,340,337,338,338,341,344,347,351,356,358,360,363,369,376,382,380,382,380,377,366,361,355,349,350,353,360,367,380,383,383,385,387,386,386,388,388,389,392,395,399,398,397,396,396,397,398,397,393,392,389,388,388,387,388,392,399,406,415,422,429,433,434,435,430,422,416,408,402,399,399,400,404,408,411,412,412,413,413,412,411,414,419,427,431,433,434,433,431,428,424,421,420,419,418,419,420,420,424,431,438,444,447,451,451,452,447,441,436,435,437,438,442,448,455,459,458,455,450,449,448,448,443,441,444,449,455,458,458,457,457,453,449,444,439,435,436,440,444,449,453,456,459,460,460,459,459,461,459,458,455,453,451,446,439,432,429,431,434,438,444,450,455,455,457,454,454,449,442,438,435,436,442,447,450,453,455,455,454,453,450,450,450,451,448,444,442,441,440,438,435,432,435,442,447,449,450,444,438,439,437,435,435,434,433,434,435,429,425,420,416,414,412,0,0,0,0,0,0,0,0,0,0,0,0,0,0,0,0,0,0,0,0,0,0,0,0,0,0,0,0,0,0,0,0,0,0,0,0,0,0,0,0,0,0,0,0,0,0,0,0,0,0,0,0,0,0,0,0,0,0,0,0,0,0,0,0,0,0,0,0,0,0,0,0,0,0,0,0,0,0,0,0,0,0,0,0,0,0,0,0,0,0,0,0,0,0,0,0,0,0,0,0,0,0,0,0,0,0,0,0,0,0,0,0,0,0,0,0,0,0,0,0,0,0,0,0,0,0,0
mano_abierta,-219,-221,-221,-219,-213,-210,-204,-193,-187,-185,-185,-188,-192,-195,-198,-199,-199,-200,-202,-202,-204,-204,-204,-205,-205,-203,-202,-201,-201,-204,-209,-216,-223,-229,-231,-231,-227,-224,-221,-215,-210,-210,-217,-227,-234,-236,-234,-233,-230,-223,-212,-198,-190,-187,-190,-197,-208,-210,-214,-217,-222,-224,-221,-214,-205,-205,-204,-204,-205,-210,-215,-221,-228,-234,-238,-242,-244,-244,-241,-236,-230,-223,-219,-219,-221,-220,-221,-227,-231,-235,-239,-240,-240,-241,-241,-237,-245,-251,-251,-250,-250,-250,-253,-258,-253,-247,-248,-252,-256,-260,-261,-260,-258,-257,-256,-257,-255,-249,-243,-239,-240,-245,-251,-254,-257,-264,-271,-275,-274,-271,-265,-264,-266,-271,-277,-279,-280,-285,-293,-298,-296,-289,-278,-273,-275,-280,-284,-285,-290,-294,-299,-299,-292,-279,-266,-265,-265,-265,-266,-267,-267,-268,-269,-261,-255,-257,-263,-269,-274,-277,-277,-277,-276,-271,-272,-270,-271,-274,-277,-277,-273,-268,-253,-247,-247,-250,-257,-266,-276,-283,-290,-289,-281,-268,-252,-252,-247,-243,-239,-236,-241,-253,-264,-261,-261,-261,-258,-255,-248,-242,-241,-239,-239,-242,-249,-252,-258,-263,-269,-273,-274,-270,-266,-270,-268,-260,-249,-239,-235,-233,-235,-236,-237,-237,-235,-239,-231,-224,-219,-218,-221,-226,-232,-231,-237,-239,-233,-220,-205,-195,-187,-181,-180,-184,-189,-200,-210,-215,-215,-215,-211,-205,-200,-194,-190,-192,-198,-202,-206,-207,-209,-206,-203,-198,-187,-179,-174,-171,-169,-169,-170,-171,-174,-174,-172,-172,-177,-182,-183,-172,-169,-169,-174,-180,-174,-168,-163,-167,-167,-167,-159,-146,-142,-142,-142,-140,-139,-136,-140,-150,-160,-166,-171,-177,-174,-169,-166,-162,-159,-159,-158,-155,-159,-160,-156,-149,-141,-129,-123,-126,-126,-129,-137,-139,-141,-150,-152,-146,-145,-146,-141,-138,-137,-127,-121,-117,-111,-102,-94,-90,-89,-98,-109,-117,-119,-123,-129,-141,-149,-149,-145,-140,-141,-141,-136,-127,-119,-113,-110,-107,-105,-106,-108,-108,-110,-112,-114,-117,-120,-119,-117,-114,-109,-107,-104,-103,-102,-104,-111,-118,-126,-127,-127,-126,-124,-119,-112,-105,-97,-91,-87,-84,-83,-82,-78,-75,-78,-80,-80,-81,-87,-94,-101,-106,-102,-99,-96,-93,-85,-74,-64,-61,-62,-65,-67,-69,-71,-73,-77,-77,-77,-76,-74,-73,-72,-71,-72,-72,-73,-72,-69,-66,-64,-63,-61,-58,-54,-51,-55,-63,-66,-64,-58,-57,-59,-60,-60,-58,-59,-63,-70,-71,-70,-66,-60,-54,-50,-46,-44,-44,-42,-41,-41,-40,-40,-40,-42,-45,-52,-59,-65,-68,-67,-67,-63,-56,-46,-35,-31,-30,-30,-30,-30,-30,-29,-34,-36,-42,-47,-56,-61,-67,-70,-66,-57,-46,-37,-26,-19,-14,-8,-12,-16,-20,-23,-22,-25,-27,-32,-30,-27,-21,-19,-25,-31,-33,-39,-43,-49,-55,-56,-52,-46,-42,-35,-31,-28,-28,-30,-30,-28,-31,-33,-31,-27,-19,-11,-9,-10,-9,-7,-7,-11,-13,-13,-9,-4,-9,-13,-22,-27,-35,-47,-52,-54,-45,-37,-27,-18,-5,4,6,5,3,-1,-6,-8,-17,-18,-17,-15,-13,-5,0,2,2,0,-4,-9,-12,-20,-24,-21,-15,-8,-2,6,8,7,6,-1,-11,-19,-25,-29,-27,-22,-17,-12,-7,-3,1,4,7,7,6,4,1,-3,-6,-9,-11,-12,-9,-5,0,9,14,14,10,7,0,-6,-11,-18,-19,-15,-8,-2,5,9,11,15,16,12,8,3,2,1,6,7,9,13,16,18,15,19,16,9,1,-8,-14,-18,-19,-20,-18,-9,2,12,14,16,18,15,10,2,-2,-6,-6,-4,-2,2,7,13,14,18,21,24,24,24,26,26,25,22,21,14,9,3,-5,-10,-11,-12,-12,-5,3,12,18,20,17,18,18,14,11,7,6,10,18,21,21,21,19,19,19,15,11,10,12,16,22,27,32,39,45,44,42,37,31,27,19,17,10,9,9,14,20,24,28,24,24,24,20,16,14,14,15,17,16,16,17,16,15,13,13,9,16,16,19,21,22,20,19,25,26,31,33,33,29,21,10,0,-7,-10,-10,-6,0,10,23,33,40,43,43,42,40,37,33,29,23,21,19,18,19,21,17,19,21,21,21,20,20,19,23,22,25,25,24,22,19,18,17,19,19,22,27,32,37,38,38,37,33,30,27,26,25,27,31,34,41,44,45,42,40,37,37,35,32,32,34,40,44,47,48,50,50,48,47,43,42,40,37,37,37,38,39,39,39,40,41,38,36,0,0,0,0,0,0,0,0,0,0,0,0,0,0,0,0,0,0,0,0,0,0,0,0,0,0,0,0,0,0,0,0,0,0,0,0,0,0,0,0,0,0,0,0,0,0,0,0,0,0,0,0,0,0,0,0,0,0,0,0,0,0,0,0,0,0,0,0,0,0,0,0,0,0,0,0,0,0,0,0,0,0,0,0,0,0,0,0,0,0,0,0,0,0,0,0,0,0,0,0,0,0,0,0,0,0,0,0,0,0,0,0,0,0,0,0,0,0,0,0,0,0,0,0,0,0,0,0,0,0,0,0
mano_abierta,15,17,20,21,23,25,25,24,23,23,23,25,25,24,22,23,22,22,21,21,21,20,20,18,18,13,12,5,5,6,6,10,10,16,17,24,25,24,25,24,22,21,19,17,17,18,17,17,19,19,20,21,20,20,19,19,19,19,19,17,18,18,19,14,13,13,12,13,14,15,17,22,25,27,29,29,28,25,23,22,19,17,16,16,17,18,17,16,17,17,18,18,18,19,17,19,20,22,23,23,23,21,23,21,18,14,8,7,6,6,6,8,11,15,19,20,22,24,19,16,12,10,13,17,21,23,32,36,40,37,29,19,10,4,2,5,6,12,18,20,18,17,14,10,9,7,8,15,23,29,35,37,35,35,32,29,27,26,26,28,31,34,36,37,37,34,31,24,18,5,-7,-19,-29,-31,-30,-24,-17,-3,13,25,28,20,9,-5,-20,-33,-48,-55,-56,-50,-43,-41,-39,-43,-48,-55,-61,-69,-76,-79,-81,-79,-78,-83,-88,-93,-97,-103,-113,-126,-136,-141,-144,-149,-152,-155,-157,-156,-159,-169,-180,-186,-192,-196,-199,-198,-192,-183,-175,-173,-176,-179,-182,-191,-197,-200,-202,-201,-204,-205,-207,-211,-219,-227,-232,-228,-220,-228,-227,-218,-202,-184,-172,-168,-177,-176,-186,-198,-212,-222,-226,-231,-229,-224,-221,-220,-220,-217,-225,-235,-243,-246,-242,-235,-225,-223,-217,-208,-197,-191,-188,-194,-202,-212,-223,-233,-232,-228,-225,-219,-216,-211,-202,-189,-181,-173,-173,-179,-184,-188,-189,-191,-195,-199,-193,-175,-162,-150,-138,-126,-120,-122,-131,-146,-153,-159,-169,-181,-187,-183,-172,-158,-145,-135,-128,-125,-117,-112,-114,-125,-139,-151,-155,-152,-149,-141,-128,-112,-106,-104,-108,-117,-127,-133,-129,-112,-108,-99,-86,-72,-62,-63,-76,-97,-93,-92,-95,-96,-95,-89,-78,-78,-82,-85,-88,-94,-98,-104,-105,-96,-84,-75,-71,-68,-67,-63,-59,-57,-55,-55,-54,-54,-58,-60,-68,-73,-75,-74,-66,-57,-47,-44,-38,-35,-34,-32,-30,-28,-21,-24,-28,-25,-21,-17,-16,-18,-24,-20,-12,-11,-11,-10,-7,-1,2,-3,-13,-22,-28,-29,-30,-28,-27,-15,-3,4,8,2,-7,-19,-25,-31,-34,-33,-30,-22,-7,7,13,10,9,7,8,10,11,5,4,2,-1,-2,-5,-11,-16,-10,-7,3,14,22,27,31,27,18,10,1,-11,-21,-25,-26,-20,-15,-9,-7,-5,-7,-7,-5,-1,3,7,14,25,36,48,62,66,63,55,44,34,30,24,10,6,11,24,34,36,33,26,22,26,25,24,29,40,51,59,69,62,57,51,41,37,37,46,48,53,56,64,72,72,69,60,56,60,67,69,71,70,68,68,65,65,67,70,71,69,67,63,60,57,54,43,34,30,32,34,41,48,52,60,69,74,73,73,69,65,64,65,69,75,80,84,79,73,65,58,54,59,67,72,80,84,81,75,69,56,48,46,49,58,73,88,98,106,105,100,95,86,79,71,66,63,66,71,72,80,83,88,92,94,96,97,100,101,103,100,95,90,84,77,69,60,55,59,72,82,88,94,96,95,93,90,83,83,86,88,92,97,99,96,92,89,86,86,85,85,86,83,78,74,72,68,71,77,80,87,95,101,109,118,122,119,116,113,109,105,97,90,82,79,92,97,104,109,114,112,109,108,95,94,96,95,93,98,103,104,103,99,96,97,99,99,98,100,101,102,99,98,95,89,81,71,65,62,64,64,64,62,69,77,83,87,90,95,103,118,121,118,115,111,101,91,84,77,78,83,88,92,102,111,114,110,107,106,106,108,105,99,94,92,90,88,88,82,77,71,71,73,74,77,77,85,92,97,97,95,90,83,75,63,55,47,50,54,60,67,78,88,95,105,101,97,93,86,75,68,57,49,49,55,66,82,99,105,106,100,92,81,68,53,41,38,43,52,59,66,73,79,79,78,80,82,86,86,83,75,66,59,53,50,50,51,54,60,67,73,78,82,81,78,73,65,57,50,45,44,44,44,45,48,52,58,60,56,51,49,48,48,49,47,49,56,63,66,69,68,64,57,47,39,33,33,34,38,42,47,48,47,46,45,46,45,46,47,50,53,54,52,47,47,51,56,56,52,47,43,38,30,23,18,19,23,29,35,40,43,41,39,36,34,33,32,32,33,34,31,29,23,14,7,1,-2,-6,1,10,23,34,41,0,0,0,0,0,0,0,0,0,0,0,0,0,0,0,0,0,0,0,0,0,0,0,0,0,0,0,0,0,0,0,0,0,0,0,0,0,0,0,0,0,0,0,0,0,0,0,0,0,0,0,0,0,0,0,0,0,0,0,0,0,0,0,0,0,0,0,0,0,0,0,0,0,0,0,0,0,0,0,0,0,0,0,0,0,0,0,0,0,0,0,0,0,0,0,0,0,0,0,0,0
mano_abierta,-27,-28,-30,-29,-29,-27,-26,-26,-25,-26,-29,-31,-33,-35,-37,-37,-38,-38,-38,-39,-40,-41,-42,-44,-46,-49,-49,-50,-51,-51,-51,-52,-49,-49,-50,-50,-42,-42,-42,-43,-46,-47,-49,-49,-57,-56,-54,-50,-49,-47,-45,-44,-47,-49,-55,-60,-60,-61,-60,-60,-58,-56,-54,-56,-59,-62,-64,-64,-66,-68,-68,-66,-64,-60,-58,-57,-57,-57,-59,-59,-60,-61,-60,-59,-56,-55,-50,-47,-45,-43,-45,-50,-55,-57,-59,-60,-57,-53,-44,-37,-31,-29,-28,-29,-33,-41,-50,-54,-56,-55,-54,-52,-50,-48,-49,-47,-43,-38,-33,-30,-29,-33,-32,-36,-42,-46,-48,-46,-39,-29,-26,-20,-18,-20,-25,-31,-38,-42,-40,-41,-40,-37,-32,-29,-25,-25,-29,-31,-33,-34,-38,-41,-45,-46,-42,-40,-42,-44,-40,-37,-33,-29,-27,-21,-12,-10,-18,-25,-34,-42,-48,-56,-62,-65,-66,-68,-67,-66,-66,-67,-71,-73,-74,-71,-70,-72,-69,-65,-60,-63,-61,-61,-59,-58,-65,-77,-90,-92,-93,-94,-98,-99,-98,-91,-78,-65,-54,-57,-68,-80,-93,-102,-111,-121,-131,-124,-112,-105,-98,-102,-102,-103,-107,-113,-117,-112,-105,-98,-110,-123,-132,-138,-143,-149,-154,-154,-148,-141,-137,-137,-138,-136,-137,-142,-146,-148,-149,-143,-136,-131,-124,-116,-111,-112,-117,-128,-140,-151,-159,-164,-165,-158,-154,-150,-147,-141,-135,-131,-127,-129,-127,-124,-121,-115,-111,-103,-106,-116,-131,-143,-155,-169,-172,-177,-178,-159,-145,-134,-124,-119,-125,-127,-119,-118,-112,-111,-118,-128,-135,-143,-151,-159,-161,-161,-153,-141,-133,-131,-128,-122,-115,-102,-92,-86,-82,-78,-83,-94,-108,-118,-125,-132,-136,-135,-127,-111,-97,-88,-85,-87,-89,-93,-98,-105,-115,-117,-113,-100,-89,-80,-77,-79,-81,-89,-100,-90,-92,-101,-96,-91,-85,-80,-77,-96,-104,-98,-100,-94,-80,-67,-58,-54,-59,-69,-83,-93,-102,-104,-101,-93,-77,-67,-59,-49,-46,-46,-49,-53,-57,-53,-47,-54,-59,-62,-62,-58,-54,-52,-47,-43,-43,-50,-61,-71,-78,-82,-85,-83,-75,-61,-46,-34,-28,-29,-31,-35,-37,-41,-45,-48,-48,-46,-51,-49,-49,-50,-51,-56,-57,-55,-47,-44,-40,-31,-25,-18,-13,-14,-12,-13,-17,-26,-32,-37,-40,-40,-37,-33,-26,-18,-16,-16,-19,-20,-22,-21,-17,-15,-9,-4,1,7,7,0,-12,-24,-31,-32,-28,-20,-10,-2,3,1,-5,-11,-15,-18,-23,-24,-22,-12,-2,5,4,-1,-2,0,3,4,7,8,5,1,-6,-12,-12,-12,-11,-7,0,7,11,14,13,10,3,-3,-8,-11,-9,-5,-3,2,7,12,15,17,19,21,22,21,21,19,15,10,5,-1,-4,-4,-1,2,9,15,22,29,26,22,15,11,10,10,6,0,2,7,14,20,23,25,24,23,17,15,14,12,12,15,20,23,26,22,17,12,7,6,6,14,25,37,43,41,37,30,21,12,9,1,2,11,21,26,34,39,39,43,39,35,31,31,26,24,21,14,12,11,14,20,21,20,17,18,20,22,20,17,18,20,23,26,32,35,32,25,19,18,19,21,21,25,30,31,29,24,15,7,4,0,2,12,25,35,46,52,52,48,42,36,32,31,27,25,26,29,31,31,26,22,20,21,22,20,17,14,10,9,11,13,13,11,13,13,16,19,22,15,11,10,11,15,22,29,30,37,40,41,41,40,33,25,18,15,15,18,21,23,26,29,31,28,25,22,18,15,11,8,7,10,14,19,22,24,28,29,29,27,25,24,23,21,19,19,20,24,28,32,35,35,33,28,27,24,20,13,9,8,10,16,18,24,26,28,28,26,19,13,6,-1,-3,-3,0,5,14,22,30,35,40,40,36,34,32,29,24,21,16,14,15,14,14,11,11,11,14,20,27,36,42,45,42,37,29,21,13,5,1,1,6,11,18,24,27,32,33,35,36,39,40,39,37,32,29,27,26,23,23,24,25,25,24,19,22,25,24,21,18,16,18,21,18,14,13,14,15,21,24,27,27,27,29,33,38,38,35,32,27,22,18,12,12,13,17,23,31,38,42,46,46,47,46,43,40,38,34,29,25,22,19,22,27,33,42,47,48,45,40,32,23,15,8,5,7,11,17,26,34,35,37,37,38,39,35,32,29,34,39,41,40,37,37,34,32,29,26,26,28,32,34,36,37,37,33,28,23,21,23,25,26,27,31,33,35,34,32,30,28,0,0,0,0,0,0,0,0,0,0,0,0,0,0,0,0,0,0,0,0,0,0,0,0,0,0,0,0,0,0,0,0,0,0,0,0,0,0,0,0,0,0,0,0,0,0,0,0,0,0,0,0,0,0,0,0,0,0,0,0,0,0,0,0,0,0,0,0,0,0,0,0,0,0,0,0,0,0,0,0,0,0,0,0,0,0,0,0,0,0,0,0,0,0,0,0,0,0,0,0,0,0,0,0,0
mano_abierta,-47,-47,-45,-46,-48,-49,-49,-49,-50,-51,-52,-54,-55,-57,-59,-63,-63,-62,-61,-58,-58,-58,-56,-51,-49,-46,-45,-44,-41,-35,-32,-31,-34,-41,-49,-55,-60,-63,-64,-61,-54,-48,-45,-45,-49,-51,-55,-62,-67,-66,-62,-56,-46,-41,-38,-41,-44,-47,-49,-51,-51,-49,-42,-29,-17,-7,-3,1,6,4,-2,-11,-20,-28,-32,-36,-41,-42,-40,-34,-30,-28,-27,-27,-26,-24,-22,-24,-22,-20,-16,-12,-14,-15,-17,-22,-28,-31,-31,-31,-28,-26,-24,-19,-13,-10,-11,-14,-21,-35,-43,-50,-55,-56,-53,-45,-37,-25,-21,-21,-21,-21,-22,-25,-30,-33,-34,-33,-33,-35,-41,-47,-47,-47,-48,-54,-67,-81,-88,-87,-84,-75,-66,-54,-42,-35,-36,-45,-55,-69,-82,-91,-96,-95,-89,-80,-71,-62,-70,-75,-75,-74,-77,-85,-98,-113,-112,-115,-122,-127,-126,-119,-111,-100,-90,-85,-82,-87,-95,-106,-113,-117,-119,-125,-129,-132,-125,-123,-126,-138,-151,-153,-152,-149,-156,-158,-154,-144,-132,-123,-115,-109,-107,-106,-111,-122,-117,-116,-124,-133,-136,-138,-139,-137,-151,-158,-158,-153,-150,-148,-145,-143,-139,-131,-121,-114,-115,-117,-120,-120,-119,-118,-125,-137,-143,-146,-143,-139,-136,-136,-133,-123,-112,-102,-95,-94,-94,-93,-89,-89,-90,-93,-101,-105,-111,-118,-122,-119,-114,-108,-102,-98,-95,-96,-105,-114,-121,-122,-119,-112,-102,-92,-79,-72,-68,-67,-64,-66,-76,-89,-102,-109,-111,-114,-117,-117,-109,-97,-81,-68,-64,-60,-58,-60,-62,-67,-71,-75,-75,-76,-77,-74,-70,-66,-66,-66,-68,-72,-74,-75,-76,-74,-72,-71,-68,-65,-67,-70,-75,-78,-80,-79,-75,-65,-68,-76,-84,-92,-95,-95,-96,-100,-89,-77,-67,-57,-52,-55,-60,-61,-61,-57,-51,-44,-40,-37,-34,-39,-47,-54,-58,-65,-67,-65,-59,-50,-40,-39,-44,-46,-47,-45,-48,-52,-54,-50,-45,-43,-47,-53,-55,-59,-59,-61,-58,-50,-37,-23,-16,-2,0,0,-5,-15,-28,-45,-60,-67,-72,-72,-69,-60,-53,-47,-43,-47,-40,-35,-33,-34,-32,-26,-19,-10,-14,-24,-33,-41,-46,-50,-54,-57,-55,-47,-42,-39,-35,-33,-28,-24,-20,-16,-10,-3,-3,-7,-9,-12,-15,-15,-15,-13,-10,-7,-6,-7,-9,-13,-16,-16,-13,-8,0,6,11,10,2,-9,-18,-23,-28,-29,-27,-20,-8,6,14,17,17,14,13,12,14,15,19,21,23,25,24,22,22,21,18,19,20,23,27,32,29,28,29,28,24,18,9,2,-2,-6,-4,0,6,14,24,33,38,36,27,17,10,6,10,12,19,28,36,44,47,47,41,39,36,34,33,32,34,31,27,20,14,11,11,13,17,28,39,48,52,52,46,40,32,23,16,12,11,15,22,30,39,45,49,52,53,54,54,51,45,39,33,28,24,23,24,28,34,46,55,62,69,73,71,73,75,70,69,68,66,58,45,30,16,9,4,4,9,19,37,55,70,77,78,72,63,55,49,43,40,39,44,49,52,54,53,48,43,39,37,35,36,40,45,52,58,64,67,71,73,70,66,62,59,54,51,49,47,48,50,51,53,57,62,67,72,76,79,78,77,78,77,73,69,66,63,64,69,72,74,71,67,62,57,55,51,47,45,49,55,62,72,73,70,66,61,57,55,55,60,64,72,77,89,90,87,83,71,65,59,53,43,42,44,46,51,51,55,63,70,72,69,62,53,51,47,43,41,42,45,51,58,63,64,64,62,62,63,62,59,54,49,42,38,36,38,41,45,50,53,56,56,55,53,54,54,53,54,55,55,53,51,51,52,52,53,53,51,57,58,54,48,43,43,43,42,37,35,36,38,37,37,39,45,47,48,48,50,53,54,53,54,55,55,52,43,33,26,26,19,13,10,12,21,32,40,43,49,53,54,59,60,57,49,37,27,16,14,10,8,11,16,20,25,30,26,24,22,21,20,22,24,27,31,33,33,30,29,27,26,25,25,24,24,27,27,27,25,21,14,6,3,0,1,1,2,5,10,15,16,16,17,18,21,22,22,22,20,18,14,12,11,6,2,2,5,10,15,16,13,15,16,14,10,6,1,2,5,10,13,17,20,23,27,29,28,22,18,19,15,11,6,2,-1,-1,3,3,3,4,4,4,6,10,10,10,14,16,17,17,15,11,10,10,11,13,15,18,18,20,21,15,10,8,6,4,8,8,7,10,12,12,0,0,0,0,0,0,0,0,0,0,0,0,0,0,0,0,0,0,0,0,0,0,0,0,0,0,0,0,0,0,0,0,0,0,0,0,0,0,0,0,0,0,0,0,0,0,0,0,0,0,0,0,0,0,0,0,0,0,0,0,0,0,0,0,0,0,0,0,0,0,0,0,0,0,0,0,0,0,0,0,0,0,0,0,0,0,0,0,0,0,0,0,0,0,0,0,0,0,0,0,0,0
mano_abierta,-50,-48,-49,-51,-55,-58,-60,-62,-66,-73,-80,-82,-81,-77,-74,-71,-71,-72,-71,-72,-72,-77,-82,-86,-82,-64,-54,-47,-41,-32,-19,-9,-3,-11,-12,-14,-19,-27,-37,-47,-54,-55,-52,-47,-39,-33,-31,-29,-29,-30,-32,-31,-29,-30,-28,-25,-24,-26,-28,-34,-43,-42,-47,-53,-55,-53,-50,-48,-44,-46,-42,-38,-36,-37,-40,-45,-48,-44,-45,-47,-44,-40,-37,-36,-36,-44,-48,-52,-58,-63,-68,-67,-66,-63,-60,-60,-61,-63,-68,-73,-77,-79,-79,-78,-78,-77,-76,-74,-76,-82,-90,-97,-99,-99,-99,-97,-103,-104,-104,-103,-106,-108,-112,-120,-120,-124,-129,-130,-126,-125,-126,-128,-131,-132,-136,-145,-160,-172,-178,-174,-170,-171,-172,-171,-171,-170,-168,-177,-185,-187,-184,-182,-180,-181,-183,-184,-177,-178,-178,-178,-176,-174,-174,-173,-177,-176,-176,-178,-183,-188,-189,-191,-190,-191,-194,-198,-198,-196,-192,-187,-195,-209,-217,-220,-218,-214,-209,-206,-190,-165,-147,-135,-130,-132,-139,-148,-157,-168,-174,-177,-179,-176,-175,-170,-163,-156,-152,-155,-157,-159,-161,-166,-171,-172,-169,-160,-154,-151,-148,-140,-133,-130,-127,-123,-119,-118,-120,-127,-134,-140,-148,-154,-156,-157,-162,-163,-164,-161,-152,-148,-146,-143,-135,-128,-122,-118,-120,-117,-113,-109,-104,-100,-99,-102,-106,-108,-111,-112,-108,-108,-107,-103,-99,-97,-95,-94,-97,-91,-81,-76,-73,-74,-76,-77,-78,-82,-88,-93,-93,-90,-87,-81,-75,-66,-66,-60,-59,-59,-57,-58,-60,-69,-70,-68,-65,-62,-63,-62,-60,-57,-57,-60,-63,-68,-67,-65,-62,-58,-50,-43,-35,-28,-26,-28,-33,-30,-27,-23,-25,-29,-37,-46,-50,-61,-69,-73,-71,-65,-52,-36,-25,-16,-11,-7,-7,-9,-11,-11,-9,-5,-2,-1,1,2,-1,-9,-20,-36,-48,-56,-59,-56,-48,-37,-22,-10,3,10,13,12,8,6,6,12,17,21,20,14,10,5,0,-7,-14,-19,-19,-7,-2,3,6,10,15,20,24,19,21,21,18,17,21,26,31,34,33,34,36,33,24,9,-4,-11,-14,-15,-9,-1,7,16,24,32,39,43,41,42,44,47,46,45,42,40,37,33,29,24,28,26,28,33,39,47,53,56,55,57,57,52,45,37,29,23,17,15,17,24,29,33,38,47,53,56,55,51,46,41,38,34,32,35,42,49,55,59,60,57,50,39,27,20,18,19,22,30,37,45,52,52,52,50,52,48,46,45,47,49,50,50,45,43,43,43,42,40,39,35,35,37,40,44,46,51,54,59,59,59,56,53,50,42,34,27,22,20,24,30,37,44,48,53,55,50,42,33,25,20,19,20,24,30,34,33,30,25,20,17,15,14,14,17,18,23,27,32,37,40,42,48,53,50,49,41,31,21,14,13,12,18,22,28,36,46,55,54,49,44,34,27,17,8,0,-2,1,6,16,26,38,48,53,56,49,45,41,37,33,32,28,27,35,39,44,47,44,37,34,33,31,29,27,25,28,32,36,39,41,43,44,46,44,41,37,33,30,29,28,28,34,40,47,55,60,60,57,54,48,44,37,28,25,25,30,36,42,43,44,43,40,37,36,34,35,39,43,46,47,45,42,36,29,27,27,32,41,44,48,53,61,52,44,35,27,26,25,26,23,33,44,53,57,57,55,53,48,43,40,38,38,41,44,43,45,46,45,42,38,34,32,32,32,35,38,43,45,45,45,44,42,38,34,30,31,32,35,37,42,46,46,43,40,43,43,44,42,41,39,39,37,33,29,29,32,33,37,38,40,42,44,42,40,40,42,44,44,43,43,46,46,41,37,31,26,23,19,15,12,14,16,20,23,25,27,26,26,26,26,24,25,23,19,18,19,21,25,28,29,31,35,39,41,38,34,30,26,26,24,21,20,22,25,27,28,30,31,33,35,31,27,21,13,7,4,-1,-3,-1,3,9,17,21,24,26,26,25,26,27,27,30,30,28,27,26,22,20,20,18,19,23,26,29,33,38,40,43,43,40,36,32,29,25,21,19,21,26,33,37,40,36,31,25,19,13,9,9,7,13,22,30,36,40,44,44,45,44,42,39,37,34,30,28,27,28,31,29,28,27,27,27,28,28,26,27,28,30,30,32,33,34,37,39,44,46,50,50,52,54,56,57,55,55,54,56,52,50,45,44,44,45,47,49,51,54,0,0,0,0,0,0,0,0,0,0,0,0,0,0,0,0,0,0,0,0,0,0,0,0,0,0,0,0,0,0,0,0,0,0,0,0,0,0,0,0,0,0,0,0,0,0,0,0,0,0,0,0,0,0,0,0,0,0,0,0,0,0,0,0,0,0,0,0,0,0,0,0,0,0,0,0,0,0,0,0,0,0,0,0,0,0,0,0,0,0,0,0,0,0,0,0,0,0,0,0,0,0,0,0
mano_abierta,-19,-22,-27,-29,-29,-31,-33,-34,-32,-26,-16,-6,-4,-8,-14,-21,-27,-35,-44,-53,-56,-53,-47,-41,-36,-30,-31,-28,-28,-29,-29,-33,-40,-46,-43,-39,-30,-22,-17,-16,-14,-16,-21,-29,-37,-42,-44,-38,-32,-24,-20,-19,-21,-26,-28,-33,-39,-43,-44,-41,-39,-36,-39,-39,-39,-40,-38,-40,-42,-45,-47,-52,-60,-64,-72,-81,-88,-92,-94,-90,-80,-81,-82,-83,-87,-93,-98,-104,-115,-118,-121,-118,-113,-114,-117,-122,-126,-129,-133,-139,-147,-151,-153,-151,-152,-154,-155,-157,-153,-147,-145,-145,-144,-144,-146,-151,-162,-174,-186,-196,-205,-208,-205,-194,-179,-165,-155,-154,-157,-164,-163,-171,-177,-183,-187,-186,-183,-183,-194,-203,-211,-213,-209,-201,-188,-176,-166,-163,-164,-168,-163,-166,-176,-188,-199,-202,-202,-202,-211,-213,-210,-202,-194,-187,-183,-182,-186,-190,-194,-198,-207,-220,-228,-229,-224,-218,-214,-204,-188,-171,-158,-154,-158,-167,-172,-183,-192,-197,-198,-200,-198,-191,-188,-182,-179,-179,-183,-180,-177,-178,-181,-187,-187,-183,-175,-162,-150,-141,-136,-125,-117,-110,-113,-119,-129,-136,-140,-144,-148,-153,-151,-150,-143,-133,-119,-111,-102,-96,-93,-94,-97,-99,-98,-96,-97,-98,-99,-101,-106,-110,-112,-109,-101,-94,-84,-71,-57,-49,-52,-62,-76,-85,-91,-97,-102,-102,-94,-88,-78,-72,-69,-66,-62,-56,-48,-37,-28,-32,-35,-31,-31,-35,-45,-56,-67,-61,-54,-54,-51,-47,-41,-34,-33,-35,-33,-28,-22,-15,-10,-8,-7,-10,-18,-24,-26,-26,-27,-26,-19,-7,4,8,-1,-12,-20,-24,-25,-25,-22,-16,-7,-2,1,2,-1,-5,-9,-12,-11,-5,2,6,11,13,16,19,22,23,20,19,19,23,23,23,22,20,19,18,14,10,9,9,8,8,9,13,19,23,24,24,26,32,38,42,38,35,38,38,35,32,27,23,25,26,26,29,32,34,30,29,31,37,38,39,40,43,48,50,49,48,50,52,49,47,49,50,50,49,50,54,59,64,66,66,67,64,58,50,47,46,48,52,57,61,64,63,61,61,62,56,45,40,41,50,60,66,71,82,95,100,98,91,84,78,76,69,65,65,63,67,70,70,68,72,74,75,79,78,78,76,74,75,76,77,74,70,66,66,69,68,68,70,74,76,78,74,65,56,49,44,46,51,57,66,78,90,99,104,97,90,80,73,69,64,60,58,61,73,78,79,75,73,71,71,70,65,61,62,63,65,65,66,69,67,72,74,75,76,77,75,73,73,74,84,88,91,95,95,93,88,83,67,60,54,48,46,45,47,50,57,63,69,73,79,80,79,76,73,67,60,54,48,49,51,54,54,57,62,68,71,74,75,77,79,77,75,73,69,64,61,58,56,56,56,53,50,49,49,52,54,55,58,64,75,87,94,94,91,88,80,71,60,48,41,38,37,35,38,41,44,50,56,60,61,63,64,64,63,59,54,54,56,60,62,65,66,67,68,67,67,69,71,68,65,61,59,54,49,45,42,40,42,43,44,49,51,57,65,74,80,83,82,78,76,69,61,53,49,51,50,48,46,45,47,50,51,52,55,59,61,62,62,63,64,63,62,63,65,67,67,65,58,57,56,53,51,50,48,46,49,49,48,51,55,59,62,59,51,49,51,49,44,34,29,35,43,46,46,46,50,61,66,62,59,58,56,56,52,47,48,49,53,51,50,49,49,50,52,52,52,55,57,57,54,51,50,50,52,52,55,59,63,66,63,60,53,48,43,40,39,41,44,45,55,57,56,56,54,50,46,43,40,45,53,58,59,58,57,60,60,59,62,57,53,48,39,36,30,25,18,22,28,38,52,60,67,73,75,63,52,41,32,26,25,22,23,34,45,53,59,63,64,65,62,59,57,57,59,61,63,63,65,64,60,54,47,39,34,34,37,42,46,49,50,50,48,45,40,35,35,37,40,45,44,47,48,48,47,47,45,39,42,40,40,38,35,31,28,25,16,13,14,20,26,26,23,29,34,34,34,34,32,36,43,45,47,50,48,41,37,33,31,29,28,28,28,29,31,33,37,40,39,36,35,34,32,31,27,26,24,25,25,25,25,22,22,21,23,25,23,25,28,29,23,23,25,28,34,38,39,40,47,45,42,37,32,29,29,30,29,30,32,33,35,34,31,0,0,0,0,0,0,0,0,0,0,0,0,0,0,0,0,0,0,0,0,0,0,0,0,0,0,0,0,0,0,0,0,0,0,0,0,0,0,0,0,0,0,0,0,0,0,0,0,0,0,0,0,0,0,0,0,0,0,0,0,0,0,0,0,0,0,0,0,0,0,0,0,0,0,0,0,0,0,0,0,0,0,0,0,0,0,0,0,0,0,0,0,0,0,0,0,0,0,0,0,0,0,0,0
mano_abierta,-72,-75,-77,-79,-79,-78,-76,-75,-73,-71,-69,-68,-67,-67,-69,-71,-73,-74,-74,-71,-71,-68,-65,-63,-62,-64,-66,-70,-73,-74,-77,-80,-80,-78,-76,-76,-74,-72,-69,-64,-61,-58,-55,-49,-48,-48,-50,-51,-50,-48,-50,-52,-52,-53,-52,-52,-52,-54,-54,-53,-52,-53,-51,-49,-49,-49,-50,-50,-53,-46,-45,-43,-43,-42,-43,-37,-29,-27,-26,-26,-26,-18,-11,-12,-15,-16,-16,-13,-10,-14,-17,-19,-19,-19,-18,-13,-11,-11,-10,-9,-9,-9,-7,-6,-1,8,16,21,21,14,-1,-16,-32,-46,-56,-61,-61,-57,-54,-48,-40,-32,-26,-24,-22,-18,-9,-3,0,-3,-10,-16,-22,-27,-35,-43,-54,-58,-60,-64,-71,-75,-76,-77,-78,-80,-81,-82,-85,-94,-105,-113,-117,-123,-128,-128,-122,-109,-94,-88,-85,-89,-95,-98,-101,-121,-140,-151,-157,-158,-154,-152,-155,-148,-143,-142,-147,-153,-161,-166,-173,-179,-182,-182,-178,-171,-172,-176,-178,-179,-180,-185,-189,-194,-185,-185,-185,-186,-185,-181,-179,-184,-203,-208,-208,-201,-200,-203,-210,-212,-206,-202,-199,-205,-202,-195,-187,-178,-169,-163,-167,-180,-199,-217,-229,-229,-231,-236,-232,-216,-193,-176,-165,-167,-172,-172,-173,-176,-180,-183,-182,-180,-179,-184,-191,-189,-187,-185,-183,-180,-174,-162,-148,-144,-146,-148,-154,-159,-158,-159,-160,-163,-164,-165,-165,-163,-164,-159,-152,-149,-150,-150,-151,-155,-155,-157,-164,-168,-168,-166,-157,-147,-144,-141,-139,-133,-127,-122,-121,-126,-130,-136,-140,-143,-141,-144,-146,-150,-149,-146,-142,-137,-131,-122,-117,-106,-99,-89,-84,-80,-79,-80,-78,-81,-85,-94,-100,-106,-110,-110,-109,-106,-102,-96,-89,-84,-80,-77,-71,-62,-57,-56,-59,-59,-66,-77,-90,-102,-107,-106,-98,-90,-83,-77,-74,-74,-77,-76,-80,-86,-86,-84,-77,-70,-64,-63,-61,-61,-60,-57,-54,-49,-40,-35,-34,-27,-28,-36,-45,-56,-69,-77,-76,-78,-74,-64,-57,-50,-42,-37,-35,-27,-20,-14,-13,-18,-26,-34,-42,-48,-52,-48,-44,-38,-31,-26,-25,-26,-27,-31,-30,-25,-21,-15,-5,5,14,18,14,2,-13,-26,-36,-44,-49,-48,-38,-24,-7,5,11,14,14,10,10,8,3,-1,-2,-3,-5,-3,-6,-6,-3,3,8,14,20,22,23,22,19,8,-3,-13,-23,-30,-30,-23,-14,-1,11,22,30,34,34,37,33,30,29,27,30,31,38,39,47,55,58,52,36,18,-5,-30,-52,-65,-65,-54,-37,-18,6,31,54,66,67,64,64,59,50,41,33,27,22,19,15,15,17,18,21,25,33,41,49,60,72,76,74,65,52,47,39,29,22,24,30,41,52,56,61,66,65,62,58,57,59,58,59,54,50,47,43,41,38,39,38,45,52,59,66,72,77,78,79,78,76,73,74,72,70,69,69,74,78,77,72,67,61,55,47,38,33,33,38,40,44,52,60,69,77,78,78,79,81,78,77,75,70,67,67,67,68,68,69,70,74,80,84,86,85,82,78,71,66,63,61,63,67,71,73,73,68,62,53,49,45,45,47,55,65,74,85,91,93,95,95,93,90,86,80,72,70,66,66,66,72,75,80,87,92,100,98,95,90,86,80,73,66,52,49,48,49,51,58,64,70,78,82,84,81,82,79,77,75,77,79,79,79,72,69,65,62,58,51,48,50,55,58,59,62,63,68,70,70,68,66,72,74,74,74,73,72,68,62,52,44,42,42,43,42,46,51,55,56,56,59,63,68,69,68,66,67,65,62,60,60,59,61,63,62,61,58,55,52,52,53,55,60,63,65,66,64,63,60,56,52,54,51,49,52,56,61,65,69,68,74,79,81,81,78,75,68,59,47,35,25,22,24,28,36,45,58,69,79,84,87,83,71,60,49,41,35,29,21,23,32,44,52,58,61,66,70,73,73,71,68,64,62,57,52,48,47,46,48,49,49,51,51,49,46,43,43,45,49,51,52,55,56,58,57,55,51,51,50,48,46,45,49,46,47,47,48,48,48,48,44,45,39,30,24,20,21,22,25,30,39,50,56,60,60,59,58,56,53,50,52,52,52,52,50,46,42,39,36,38,40,41,42,43,42,38,32,28,16,8,5,5,8,12,14,14,22,24,25,24,23,22,22,20,21,23,22,21,21,22,23,27,27,30,33,35,34,33,32,30,30,26,23,19,18,17,16,16,14,0,0,0,0,0,0,0,0,0,0,0,0,0,0,0,0,0,0,0,0,0,0,0,0,0,0,0,0,0,0,0,0,0,0,0,0,0,0,0,0,0,0,0,0,0,0,0,0,0,0,0,0,0,0,0,0,0,0,0,0,0,0,0,0,0,0,0,0,0,0,0,0,0,0,0,0,0,0,0,0,0,0,0,0,0,0,0,0,0,0,0,0,0,0,0,0,0,0,0,0,0,0,0,0,0,0,0
mano_abierta,-68,-63,-58,-58,-57,-58,-56,-57,-62,-66,-70,-70,-72,-76,-82,-83,-83,-82,-82,-81,-79,-77,-76,-80,-80,-80,-81,-82,-84,-83,-83,-78,-77,-77,-77,-76,-75,-75,-74,-77,-79,-81,-81,-81,-81,-80,-78,-76,-75,-71,-70,-68,-65,-64,-63,-60,-53,-52,-54,-54,-58,-61,-61,-61,-65,-65,-64,-63,-60,-57,-57,-57,-57,-58,-56,-55,-53,-45,-45,-47,-47,-49,-46,-44,-46,-54,-55,-57,-61,-64,-70,-74,-73,-70,-66,-61,-53,-45,-41,-37,-37,-38,-39,-38,-37,-37,-33,-33,-31,-30,-29,-30,-33,-39,-49,-56,-57,-57,-59,-65,-71,-77,-82,-86,-93,-105,-110,-110,-105,-97,-86,-78,-78,-76,-81,-85,-89,-93,-102,-105,-104,-101,-96,-92,-90,-91,-91,-92,-93,-93,-94,-94,-94,-97,-102,-106,-112,-121,-131,-140,-148,-147,-144,-139,-132,-121,-108,-97,-90,-91,-91,-93,-99,-102,-109,-114,-116,-116,-121,-125,-127,-135,-139,-141,-143,-143,-140,-137,-136,-141,-148,-155,-152,-152,-151,-152,-153,-147,-145,-144,-157,-166,-174,-174,-175,-176,-173,-165,-161,-163,-164,-160,-157,-157,-160,-169,-170,-163,-153,-152,-154,-155,-157,-153,-153,-154,-158,-161,-158,-152,-144,-142,-140,-139,-140,-141,-148,-155,-157,-154,-152,-150,-149,-141,-127,-122,-124,-122,-120,-119,-118,-127,-143,-149,-145,-146,-142,-135,-129,-123,-115,-111,-104,-102,-96,-90,-87,-86,-86,-87,-93,-94,-97,-102,-101,-97,-92,-86,-86,-86,-90,-98,-103,-107,-105,-99,-91,-87,-87,-88,-85,-80,-77,-78,-82,-87,-77,-64,-59,-58,-62,-68,-72,-72,-82,-89,-92,-90,-86,-77,-68,-61,-57,-54,-50,-49,-49,-52,-56,-59,-61,-63,-65,-66,-63,-58,-48,-38,-30,-25,-20,-21,-24,-28,-34,-40,-42,-43,-44,-41,-38,-38,-39,-38,-43,-41,-38,-35,-33,-27,-20,-14,-7,-7,-9,-6,-9,-10,-12,-10,-5,0,3,-3,-2,-3,-1,-3,-7,-13,-18,-17,-19,-23,-26,-24,-18,-11,-3,3,10,18,22,21,17,13,4,1,-1,-1,1,4,5,3,2,5,5,2,-2,-5,-5,-6,2,5,12,19,27,33,33,32,25,16,9,5,4,6,11,21,30,39,42,41,34,28,25,21,15,11,11,9,11,13,10,10,9,10,10,16,21,26,33,37,43,47,45,43,39,35,31,28,25,24,26,26,27,27,24,25,26,24,25,29,33,36,41,41,42,46,46,44,43,42,44,46,49,38,29,20,15,14,14,15,17,30,41,50,54,54,54,52,49,47,46,51,53,57,63,69,74,73,67,55,49,40,32,20,9,7,12,21,29,38,45,55,63,66,66,66,66,65,63,62,66,66,64,60,58,56,56,54,44,42,45,48,47,46,43,39,43,44,43,41,39,36,35,37,36,36,38,43,49,57,59,61,60,57,55,51,49,47,49,47,46,47,47,51,54,55,58,62,67,71,76,78,78,75,67,62,58,57,54,50,46,46,49,52,54,54,55,57,59,60,62,61,60,59,55,45,42,41,40,42,43,43,43,49,49,49,50,52,57,70,76,77,74,67,59,50,43,28,22,18,20,26,31,38,40,41,42,43,45,48,51,56,60,61,60,61,58,53,48,39,34,33,34,38,42,47,51,56,60,61,62,62,64,62,58,52,49,47,43,37,31,26,25,26,26,26,29,33,37,41,45,50,53,56,52,47,45,45,47,48,49,45,44,42,42,40,39,36,32,34,40,46,49,52,51,48,42,37,30,27,24,20,17,19,27,35,42,43,46,47,51,54,58,58,53,49,42,36,30,25,20,19,25,35,41,45,49,44,36,27,21,14,14,17,19,27,35,42,45,50,51,50,48,45,42,41,40,38,38,39,41,44,46,49,47,41,34,27,23,19,15,14,24,29,37,44,48,49,49,46,35,32,28,26,25,24,24,25,25,25,23,16,13,10,10,15,17,20,20,26,28,32,34,32,33,33,35,33,32,28,24,17,14,11,13,15,15,16,18,22,26,30,30,31,33,35,34,32,30,36,37,35,34,35,39,43,45,39,39,34,34,32,28,24,20,16,14,17,19,23,28,31,31,29,23,18,11,4,-2,-4,-4,-1,5,8,13,16,18,22,28,29,31,35,39,42,44,40,33,29,24,16,14,14,15,18,21,23,24,29,27,27,26,24,23,25,27,26,28,27,27,28,28,28,27,28,25,26,0,0,0,0,0,0,0,0,0,0,0,0,0,0,0,0,0,0,0,0,0,0,0,0,0,0,0,0,0,0,0,0,0,0,0,0,0,0,0,0,0,0,0,0,0,0,0,0,0,0,0,0,0,0,0,0,0,0,0,0,0,0,0,0,0,0,0,0,0,0,0,0,0,0,0,0,0,0,0,0,0,0,0,0,0,0,0,0,0,0,0,0,0,0,0,0,0,0,0,0,0,0
mano_abierta,6,5,4,1,0,-2,-4,-8,-10,-13,-13,-10,-7,-3,1,4,4,3,1,-2,-6,-12,-15,-17,-18,-18,-18,-13,-9,-3,-3,-6,-10,-11,-5,-8,-10,-13,-12,-6,1,3,1,-1,-1,0,0,1,1,2,5,9,10,11,10,8,4,1,-4,-6,-8,-10,-10,-10,-10,-10,-8,-7,-5,-3,-1,3,7,11,13,10,8,7,6,5,4,3,4,5,5,6,8,10,9,14,18,21,17,11,2,-5,-9,-18,-26,-29,-29,-22,-17,-15,-18,-18,-17,-15,-12,-12,-9,-6,0,6,9,6,1,-6,-13,-15,-15,-14,-22,-26,-27,-27,-28,-32,-37,-42,-36,-27,-19,-14,-10,-9,-9,-13,-18,-26,-31,-34,-35,-36,-36,-35,-41,-41,-42,-41,-40,-37,-36,-36,-32,-36,-43,-50,-56,-63,-67,-68,-67,-66,-67,-72,-77,-80,-83,-88,-93,-95,-95,-93,-92,-96,-108,-120,-130,-137,-141,-143,-143,-145,-141,-138,-133,-128,-128,-130,-134,-135,-136,-134,-136,-142,-146,-150,-150,-150,-153,-160,-167,-169,-169,-176,-182,-185,-184,-180,-174,-173,-179,-183,-188,-196,-202,-208,-214,-215,-214,-209,-208,-207,-209,-213,-218,-225,-233,-238,-243,-245,-246,-242,-233,-225,-217,-212,-206,-203,-203,-206,-216,-225,-231,-233,-241,-246,-247,-249,-244,-237,-233,-230,-222,-223,-230,-240,-248,-255,-260,-264,-266,-261,-248,-230,-226,-224,-224,-225,-224,-223,-226,-230,-224,-221,-223,-219,-216,-213,-209,-210,-211,-210,-205,-205,-205,-202,-199,-188,-180,-172,-166,-165,-167,-170,-172,-177,-179,-182,-184,-186,-187,-190,-189,-184,-179,-171,-163,-155,-145,-136,-132,-139,-146,-154,-158,-159,-160,-159,-157,-151,-143,-133,-126,-125,-120,-113,-104,-98,-98,-101,-105,-105,-108,-113,-117,-120,-120,-121,-121,-120,-119,-116,-117,-120,-125,-129,-128,-124,-118,-116,-113,-106,-93,-82,-78,-78,-82,-90,-99,-106,-108,-106,-102,-96,-90,-79,-66,-57,-58,-62,-65,-70,-74,-79,-83,-85,-83,-79,-77,-72,-68,-62,-58,-56,-54,-53,-51,-49,-46,-37,-30,-31,-38,-45,-52,-58,-55,-62,-65,-60,-50,-39,-27,-17,-18,-18,-19,-16,-7,4,8,-3,-20,-36,-50,-66,-83,-96,-96,-81,-55,-30,-7,12,24,29,26,24,19,18,21,25,27,25,21,17,12,0,-12,-22,-26,-24,-19,-11,-3,8,13,13,15,16,15,9,3,1,2,8,10,13,19,26,35,37,38,34,31,26,20,10,4,5,2,4,8,12,19,30,37,42,48,54,59,65,64,62,56,49,43,34,29,23,21,24,28,33,35,42,42,45,47,47,50,53,58,60,61,61,58,56,50,47,44,43,44,47,53,60,66,70,75,76,76,73,65,56,52,47,44,42,43,45,50,54,55,57,58,59,61,63,63,64,64,65,68,66,63,62,63,63,64,66,66,73,82,87,90,88,83,77,72,64,65,62,66,79,90,98,100,101,90,88,83,75,69,64,62,62,67,71,73,74,75,79,83,85,85,84,85,84,82,80,77,77,77,77,79,83,89,95,101,107,111,110,103,92,83,75,70,66,62,62,66,73,80,87,90,95,100,103,107,109,111,112,111,105,97,91,85,80,79,77,77,79,83,85,90,93,94,94,93,92,90,85,78,73,69,66,64,64,65,71,78,84,88,90,89,88,86,83,79,75,74,76,82,90,95,96,97,97,94,88,81,75,71,69,66,64,65,68,69,68,71,72,76,78,78,79,81,84,82,82,82,81,80,80,80,79,76,73,70,71,71,70,67,66,68,71,78,83,85,83,80,74,66,57,47,39,37,41,47,54,59,65,71,76,79,78,76,76,80,78,74,69,66,67,70,73,74,74,75,74,70,61,47,36,28,26,26,27,34,39,47,52,57,60,66,70,70,69,70,72,70,62,48,33,24,18,13,11,15,25,36,48,56,63,69,72,73,69,66,59,56,52,50,46,42,42,43,48,51,52,53,55,56,57,58,59,66,74,77,75,65,50,33,24,10,-3,-9,-9,-3,10,25,32,40,44,50,54,60,65,65,60,53,48,39,36,30,24,23,25,27,30,32,32,33,37,43,47,45,38,29,17,12,1,-10,-17,-15,-5,7,19,25,32,37,42,42,40,38,38,38,38,36,35,37,41,41,37,31,25,19,11,1,-9,-13,-15,-13,-8,-1,8,18,25,30,33,34,35,38,38,34,32,24,21,17,12,7,2,1,-3,-2,-1,1,0,0,0,0,0,0,0,0,0,0,0,0,0,0,0,0,0,0,0,0,0,0,0,0,0,0,0,0,0,0,0,0,0,0,0,0,0,0,0,0,0,0,0,0,0,0,0,0,0,0,0,0,0,0,0,0,0,0,0,0,0,0,0,0,0,0,0,0,0,0,0,0,0,0,0,0,0,0,0,0,0,0,0,0,0,0,0,0,0,0,0,0,0,0,0,0,0,0,0,0,0
mano_abierta,22,22,22,22,19,17,16,13,12,9,9,8,8,9,11,13,13,16,13,10,9,8,6,6,8,8,11,13,13,13,11,7,2,-3,-6,-10,-11,-10,-8,-7,-4,-1,4,8,10,5,-1,-7,-13,-19,-25,-30,-32,-31,-28,-24,-19,-17,-14,-9,-13,-16,-20,-24,-25,-25,-27,-31,-28,-26,-24,-21,-21,-21,-21,-24,-27,-27,-24,-24,-24,-24,-24,-21,-18,-14,-14,-14,-14,-18,-25,-33,-41,-50,-46,-44,-42,-40,-39,-39,-39,-42,-51,-57,-61,-61,-57,-51,-46,-41,-39,-39,-40,-42,-43,-43,-41,-39,-40,-42,-46,-49,-54,-60,-64,-70,-68,-68,-67,-66,-67,-67,-70,-71,-77,-77,-77,-78,-75,-78,-83,-84,-86,-89,-92,-93,-96,-96,-91,-91,-91,-92,-93,-97,-102,-107,-114,-116,-119,-124,-127,-129,-129,-125,-119,-116,-115,-111,-107,-98,-97,-105,-115,-126,-133,-138,-145,-156,-162,-158,-154,-153,-158,-163,-165,-166,-168,-169,-174,-174,-173,-176,-178,-182,-175,-172,-171,-176,-182,-189,-196,-196,-204,-215,-222,-225,-231,-230,-228,-230,-229,-223,-213,-200,-185,-177,-175,-181,-192,-207,-223,-230,-232,-230,-226,-220,-215,-209,-205,-214,-223,-231,-237,-238,-236,-234,-233,-231,-230,-226,-221,-227,-234,-237,-236,-232,-227,-224,-222,-213,-202,-196,-192,-191,-197,-203,-209,-210,-209,-203,-201,-197,-185,-170,-160,-159,-163,-170,-173,-175,-179,-179,-174,-163,-154,-151,-151,-160,-171,-185,-192,-202,-204,-200,-195,-182,-164,-151,-148,-145,-146,-148,-150,-152,-157,-155,-155,-154,-153,-149,-149,-151,-153,-161,-163,-164,-159,-154,-145,-134,-129,-125,-122,-122,-126,-132,-139,-145,-145,-141,-134,-129,-124,-120,-115,-110,-106,-104,-103,-100,-96,-93,-92,-95,-99,-103,-105,-110,-116,-115,-111,-103,-96,-91,-86,-80,-69,-65,-62,-61,-63,-68,-73,-79,-86,-87,-86,-76,-70,-61,-52,-45,-42,-41,-38,-42,-39,-37,-37,-38,-36,-34,-34,-34,-34,-31,-24,-16,-8,-2,-1,-4,-7,-13,-20,-28,-34,-37,-37,-31,-27,-20,-17,-11,-9,-8,-6,-4,3,10,19,14,8,1,-3,-9,-17,-24,-27,-19,-11,0,8,14,18,21,23,23,28,30,34,39,43,45,38,27,15,0,-14,-27,-31,-31,-22,-4,12,32,47,59,64,65,65,62,58,53,50,47,46,46,45,43,36,30,25,21,17,17,18,18,22,28,33,39,45,47,49,54,58,58,60,58,56,55,57,55,54,53,51,50,48,42,35,31,31,34,35,35,37,43,48,50,52,53,56,60,60,58,57,55,54,55,54,47,45,45,47,46,49,47,45,49,50,47,42,44,42,45,49,56,60,63,65,62,57,52,48,43,42,46,49,56,62,64,61,57,53,48,45,42,38,35,39,45,50,55,59,63,67,70,72,72,70,65,59,53,51,51,50,49,48,50,55,61,67,71,66,58,52,45,38,30,23,17,22,30,38,46,51,58,63,67,69,71,73,76,82,86,85,78,65,48,32,14,-1,-13,-17,-12,-1,16,32,49,59,67,72,73,71,67,63,62,61,61,57,53,49,41,32,22,14,10,13,17,22,31,39,49,55,58,60,60,61,58,57,53,51,52,52,50,45,40,39,37,34,29,26,26,27,29,29,31,34,35,36,36,39,44,48,50,51,52,49,45,40,37,28,28,27,26,27,28,28,26,27,31,34,38,38,35,30,27,26,16,13,14,17,23,32,40,44,48,45,42,43,43,42,42,42,40,39,36,32,30,28,28,29,32,40,43,42,33,23,13,4,-1,-7,-8,-5,5,16,26,34,41,45,50,55,58,56,48,41,28,15,4,-5,-11,-15,-8,0,12,23,31,38,43,48,48,46,44,40,38,33,27,24,22,20,19,20,21,22,23,24,24,25,26,26,27,31,37,40,38,33,27,20,12,2,-7,-9,-7,-4,1,8,15,21,26,27,27,27,28,27,25,23,21,27,26,26,25,25,25,26,27,23,25,28,30,34,38,41,43,45,42,39,39,38,37,34,32,29,34,36,31,26,20,14,8,5,2,4,10,19,29,37,42,46,46,45,42,36,31,28,27,25,23,20,19,19,19,20,20,20,20,20,19,18,18,18,18,19,18,17,17,17,19,23,10,-1,-7,-11,-15,-17,-20,-26,-14,-5,-1,3,6,9,11,12,12,13,15,14,11,8,5,3,2,3,5,7,9,9,6,6,4,1,-3,-5,0,0,0,0,0,0,0,0,0,0,0,0,0,0,0,0,0,0,0,0,0,0,0,0,0,0,0,0,0,0,0,0,0,0,0,0,0,0,0,0,0,0,0,0,0,0,0,0,0,0,0,0,0,0,0,0,0,0,0,0,0,0,0,0,0,0,0,0,0,0,0,0,0,0,0,0,0,0,0,0,0,0,0,0,0,0,0,0,0,0,0,0,0,0,0,0,0,0,0,0,0,0,0,0,0
mano_abierta,-54,-54,-54,-52,-50,-47,-44,-43,-43,-42,-43,-44,-43,-41,-41,-42,-42,-44,-44,-40,-41,-44,-46,-46,-46,-44,-42,-44,-40,-36,-33,-29,-25,-30,-34,-35,-37,-37,-35,-37,-41,-38,-38,-40,-44,-50,-57,-63,-67,-69,-69,-66,-62,-57,-52,-46,-45,-39,-35,-37,-39,-43,-42,-47,-48,-49,-50,-49,-49,-48,-51,-50,-51,-53,-51,-54,-57,-60,-64,-68,-68,-68,-69,-67,-67,-66,-61,-57,-56,-56,-58,-59,-59,-60,-66,-70,-73,-75,-75,-71,-66,-61,-58,-57,-60,-69,-88,-106,-121,-131,-133,-120,-111,-97,-85,-78,-82,-90,-109,-133,-146,-159,-164,-164,-157,-149,-135,-133,-132,-134,-140,-151,-166,-181,-191,-191,-188,-182,-174,-169,-162,-161,-165,-175,-186,-197,-203,-209,-215,-218,-214,-206,-198,-190,-188,-186,-187,-187,-194,-205,-219,-231,-237,-236,-225,-212,-203,-194,-192,-193,-198,-204,-210,-217,-221,-226,-228,-231,-233,-234,-236,-236,-233,-227,-216,-208,-198,-191,-190,-190,-191,-191,-193,-195,-200,-206,-208,-209,-209,-211,-211,-206,-200,-198,-201,-202,-195,-186,-176,-168,-161,-151,-144,-143,-151,-153,-162,-166,-166,-165,-160,-152,-143,-144,-136,-134,-144,-149,-152,-152,-151,-147,-142,-136,-125,-117,-111,-113,-118,-128,-137,-145,-149,-154,-158,-149,-140,-130,-125,-118,-112,-103,-91,-90,-90,-90,-88,-89,-89,-92,-97,-97,-95,-92,-90,-89,-90,-91,-87,-89,-94,-97,-96,-96,-93,-90,-91,-88,-83,-77,-70,-60,-52,-45,-45,-45,-50,-58,-69,-76,-77,-76,-70,-62,-52,-41,-28,-25,-24,-24,-19,-15,-15,-17,-24,-27,-32,-36,-44,-52,-57,-59,-56,-54,-50,-42,-36,-28,-17,-5,3,4,-1,-9,-14,-20,-23,-29,-31,-29,-24,-18,-13,-16,-22,-24,-24,-23,-22,-24,-25,-18,-11,-5,-2,0,-1,-4,-14,-25,-34,-42,-46,-48,-47,-44,-37,-28,-21,-14,-7,-1,6,15,20,16,7,-6,-22,-36,-46,-54,-57,-50,-40,-28,-16,-8,-6,-9,-12,-15,-19,-26,-34,-34,-37,-37,-36,-37,-34,-31,-28,-29,-25,-21,-18,-14,-13,-11,-7,-6,-4,-4,-4,-2,1,5,7,10,12,13,12,10,12,13,16,19,20,19,17,15,7,1,-5,-8,-10,-8,-4,3,13,22,27,29,31,30,28,26,24,23,25,29,34,37,41,43,41,38,32,26,23,25,26,29,35,40,45,49,52,56,49,46,44,43,46,47,45,41,47,50,50,52,54,57,59,60,60,60,61,59,60,64,68,73,76,76,78,79,78,74,71,68,67,64,60,59,62,68,73,78,80,82,84,79,70,60,52,47,48,50,52,57,65,71,77,78,78,78,84,88,87,83,79,79,77,74,65,59,57,56,55,54,53,57,63,71,76,79,77,73,69,60,49,38,29,25,25,29,36,44,52,60,66,71,75,75,75,72,70,65,62,58,56,57,59,63,67,69,72,74,73,73,72,68,65,61,59,55,51,45,40,40,42,46,49,56,64,73,79,81,79,77,71,64,58,54,51,50,51,55,63,69,70,68,66,68,72,73,69,67,67,71,74,70,62,56,54,54,56,56,57,61,66,68,67,66,63,61,59,59,59,63,67,71,74,75,75,74,72,68,64,60,56,56,58,63,67,73,76,75,74,71,66,60,54,50,50,55,57,59,61,64,68,72,77,80,85,90,91,90,85,78,67,60,53,48,45,46,50,56,61,65,66,67,63,58,54,49,45,44,45,48,54,55,57,60,69,76,79,75,66,57,46,34,24,13,10,11,19,31,41,50,53,54,53,54,51,49,47,42,37,32,29,25,23,21,23,31,43,52,55,54,50,46,44,34,22,12,8,11,15,22,24,31,37,41,42,42,41,38,35,30,27,26,21,17,16,15,16,19,20,22,28,35,38,39,36,32,27,25,19,13,7,3,4,5,8,9,14,19,23,25,25,26,26,21,14,9,7,7,9,10,13,21,30,38,42,44,42,37,30,23,19,14,9,7,10,14,20,25,26,26,28,29,29,29,24,16,12,7,4,2,-1,-3,-2,7,12,15,13,11,9,9,11,11,15,19,26,30,32,32,29,23,17,12,7,6,8,11,17,22,25,26,22,19,11,3,-6,-10,-14,-15,-10,-3,0,1,4,9,10,10,13,11,15,14,12,6,8,10,8,9,8,13,17,21,23,21,16,12,9,5,2,1,-1,1,2,3,5,9,0,0,0,0,0,0,0,0,0,0,0,0,0,0,0,0,0,0,0,0,0,0,0,0,0,0,0,0,0,0,0,0,0,0,0,0,0,0,0,0,0,0,0,0,0,0,0,0,0,0,0,0,0,0,0,0,0,0,0,0,0,0,0,0,0,0,0,0,0,0,0,0,0,0,0,0,0,0,0,0,0,0,0,0,0,0,0,0,0,0,0,0,0,0,0,0,0,0,0,0,0,0,0,0
